t,signal
0,-0.31459
0.000125,-0.35306
0.00025,-0.39126
0.000375,-0.42892
0.0005,-0.46549
0.000625,-0.50192
0.00075,-0.53387
0.000875,-0.56296
0.001,-0.59131
0.001125,-0.62101
0.00125,-0.64874
0.001375,-0.67532
0.0015,-0.70509
0.001625,-0.73446
0.00175,-0.76172
0.001875,-0.78605
0.002,-0.81032
0.002125,-0.83547
0.00225,-0.86293
0.002375,-0.89127
0.0025,-0.91343
0.002625,-0.93199
0.00275,-0.95184
0.002875,-0.96849
0.003,-0.97801
0.003125,-0.98236
0.00325,-0.98548
0.003375,-0.98942
0.0035,-0.99296
0.003625,-0.99588
0.00375,-0.9984
0.003875,-1.0004
0.004,-1.0019
0.004125,-1.0028
0.00425,-1.0032
0.004375,-1.0033
0.0045,-1.0026
0.004625,-1.0007
0.00475,-0.99473
0.004875,-0.98338
0.005,-0.96693
0.005125,-0.94817
0.00525,-0.92886
0.005375,-0.9082
0.0055,-0.88651
0.005625,-0.86306
0.00575,-0.83914
0.005875,-0.81596
0.006,-0.7919
0.006125,-0.76688
0.00625,-0.74037
0.006375,-0.7142
0.0065,-0.6896
0.006625,-0.66248
0.00675,-0.62951
0.006875,-0.59355
0.007,-0.55562
0.007125,-0.51613
0.00725,-0.47773
0.007375,-0.43932
0.0075,-0.39758
0.007625,-0.35959
0.00775,-0.32281
0.007875,-0.28509
0.008,-0.24458
0.008125,-0.20182
0.00825,-0.16118
0.008375,-0.12121
0.0085,-0.080763
0.008625,-0.036921
0.00875,0.010252
0.008875,0.057154
0.009,0.10174
0.009125,0.14491
0.00925,0.18746
0.009375,0.22654
0.0095,0.26318
0.009625,0.299
0.00975,0.3355
0.009875,0.37377
0.01,0.41218
0.010125,0.45078
0.01025,0.48837
0.010375,0.52515
0.0105,0.56036
0.010625,0.59516
0.01075,0.62717
0.010875,0.65708
0.011,0.68658
0.011125,0.71649
0.01125,0.74565
0.011375,0.77284
0.0115,0.80152
0.011625,0.83041
0.01175,0.85706
0.011875,0.88275
0.012,0.90715
0.012125,0.93196
0.01225,0.9582
0.012375,0.98566
0.0125,1.0082
0.012625,1.027
0.01275,1.047
0.012875,1.0643
0.013,1.0742
0.013125,1.0785
0.01325,1.0819
0.013375,1.0855
0.0135,1.0895
0.013625,1.0924
0.01375,1.0952
0.013875,1.0978
0.014,1.0991
0.014125,1.1001
0.01425,1.1011
0.014375,1.1016
0.0145,1.1009
0.014625,1.0988
0.01475,1.0937
0.014875,1.0818
0.015,1.0654
0.015125,1.0467
0.01525,1.0264
0.015375,1.0064
0.0155,0.98437
0.015625,0.96065
0.01575,0.93659
0.015875,0.91327
0.016,0.89023
0.016125,0.86576
0.01625,0.83864
0.016375,0.81206
0.0165,0.78841
0.016625,0.76135
0.01675,0.72879
0.016875,0.6927
0.017,0.65436
0.017125,0.61426
0.01725,0.57565
0.017375,0.53684
0.0175,0.49327
0.017625,0.45609
0.01775,0.42081
0.017875,0.38227
0.018,0.34271
0.018125,0.30077
0.01825,0.25978
0.018375,0.21927
0.0185,0.17835
0.018625,0.13383
0.01875,0.085838
0.018875,0.037917
0.019,-0.006469
0.019125,-0.048612
0.01925,-0.090212
0.019375,-0.12889
0.0195,-0.16539
0.019625,-0.20121
0.01975,-0.2373
0.019875,-0.27537
0.02,-0.31371
0.020125,-0.35313
0.02025,-0.39147
0.020375,-0.42933
0.0205,-0.46569
0.020625,-0.50063
0.02075,-0.53319
0.020875,-0.56269
0.021,-0.59117
0.021125,-0.62047
0.02125,-0.64868
0.021375,-0.67471
0.0215,-0.70346
0.021625,-0.7333
0.02175,-0.76063
0.021875,-0.78632
0.022,-0.81066
0.022125,-0.83587
0.02225,-0.86232
0.022375,-0.88998
0.0225,-0.91221
0.022625,-0.93056
0.02275,-0.95007
0.022875,-0.96699
0.023,-0.97705
0.023125,-0.9814
0.02325,-0.9848
0.023375,-0.98841
0.0235,-0.99214
0.023625,-0.99534
0.02375,-0.99785
0.023875,-0.99989
0.024,-1.0015
0.024125,-1.0026
0.02425,-1.0036
0.024375,-1.0036
0.0245,-1.003
0.024625,-1.001
0.02475,-0.9952
0.024875,-0.98385
0.025,-0.96679
0.025125,-0.94796
0.02525,-0.92906
0.025375,-0.90888
0.0255,-0.88747
0.025625,-0.8632
0.02575,-0.83859
0.025875,-0.81555
0.026,-0.79196
0.026125,-0.76688
0.02625,-0.74044
0.026375,-0.71502
0.0265,-0.69068
0.026625,-0.66363
0.02675,-0.63196
0.026875,-0.59743
0.027,-0.55922
0.027125,-0.51871
0.02725,-0.48017
0.027375,-0.44095
0.0275,-0.39942
0.027625,-0.36013
0.02775,-0.3222
0.027875,-0.28414
0.028,-0.24458
0.028125,-0.20284
0.02825,-0.16152
0.028375,-0.12189
0.0285,-0.082463
0.028625,-0.03794
0.02875,0.011
0.028875,0.057425
0.029,0.1012
0.029125,0.14355
0.02925,0.18576
0.029375,0.22532
0.0295,0.26223
0.029625,0.29798
0.02975,0.33387
0.029875,0.37119
0.03,0.40946
0.030125,0.4482
0.03025,0.48627
0.030375,0.52331
0.0305,0.5592
0.030625,0.59373
0.03075,0.62649
0.030875,0.65681
0.031,0.68563
0.031125,0.71574
0.03125,0.7445
0.031375,0.77128
0.0315,0.80023
0.031625,0.82967
0.03175,0.85638
0.031875,0.8818
0.032,0.90654
0.032125,0.93169
0.03225,0.958
0.032375,0.986
0.0325,1.0086
0.032625,1.0273
0.03275,1.0468
0.032875,1.0638
0.033,1.0736
0.033125,1.0782
0.03325,1.0812
0.033375,1.0848
0.0335,1.0888
0.033625,1.0919
0.03375,1.0949
0.033875,1.0975
0.034,1.0988
0.034125,1.1
0.03425,1.1012
0.034375,1.1018
0.0345,1.1013
0.034625,1.0991
0.03475,1.0941
0.034875,1.0833
0.035,1.0666
0.035125,1.0477
0.03525,1.0273
0.035375,1.0061
0.0355,0.98485
0.035625,0.96153
0.03575,0.93706
0.035875,0.9132
0.036,0.89023
0.036125,0.86569
0.03625,0.83966
0.036375,0.81315
0.0365,0.78875
0.036625,0.76196
0.03675,0.73029
0.036875,0.69467
0.037,0.65627
0.037125,0.61637
0.03725,0.57844
0.037375,0.53881
0.0375,0.49402
0.037625,0.45636
0.03775,0.42115
0.037875,0.38302
0.038,0.34298
0.038125,0.30145
0.03825,0.26155
0.038375,0.22206
0.0385,0.18086
0.038625,0.13593
0.03875,0.088013
0.038875,0.040092
0.039,-0.0047017
0.039125,-0.047321
0.03925,-0.089192
0.039375,-0.12719
0.0395,-0.16308
0.039625,-0.19842
0.03975,-0.23452
0.039875,-0.27251
0.04,-0.31092
0.040125,-0.35014
0.04025,-0.38841
0.040375,-0.42641
0.0405,-0.46297
0.040625,-0.49866
0.04075,-0.53197
0.040875,-0.5612
0.041,-0.58947
0.041125,-0.61952
0.04125,-0.64766
0.041375,-0.67355
0.0415,-0.70183
0.041625,-0.73072
0.04175,-0.75879
0.041875,-0.78571
0.042,-0.80984
0.042125,-0.83465
0.04225,-0.86075
0.042375,-0.88815
0.0425,-0.91153
0.042625,-0.93042
0.04275,-0.94885
0.042875,-0.96618
0.043,-0.97631
0.043125,-0.98059
0.04325,-0.98405
0.043375,-0.98779
0.0435,-0.9916
0.043625,-0.99466
0.04375,-0.99745
0.043875,-0.99955
0.044,-1.001
0.044125,-1.0025
0.04425,-1.0036
0.044375,-1.0038
0.0445,-1.0035
0.044625,-1.0016
0.04475,-0.99636
0.044875,-0.98603
0.045,-0.96964
0.045125,-0.95041
0.04525,-0.93076
0.045375,-0.91044
0.0455,-0.88889
0.045625,-0.86517
0.04575,-0.84029
0.045875,-0.81643
0.046,-0.79224
0.046125,-0.76681
0.04625,-0.74078
0.046375,-0.71502
0.0465,-0.69102
0.046625,-0.66404
0.04675,-0.63236
0.046875,-0.59729
0.047,-0.55956
0.047125,-0.51994
0.04725,-0.48133
0.047375,-0.44408
0.0475,-0.4018
0.047625,-0.36217
0.04775,-0.32465
0.047875,-0.28584
0.048,-0.24635
0.048125,-0.20454
0.04825,-0.16342
0.048375,-0.12379
0.0485,-0.083346
0.048625,-0.039776
0.04875,0.0066497
0.048875,0.053415
0.049,0.098549
0.049125,0.14253
0.04925,0.18528
0.049375,0.22443
0.0495,0.26094
0.049625,0.29683
0.04975,0.33326
0.049875,0.37112
0.05,0.40946
0.050125,0.44813
0.05025,0.48579
0.050375,0.52263
0.0505,0.55784
0.050625,0.59183
0.05075,0.62446
0.050875,0.65531
0.051,0.68536
0.051125,0.71561
0.05125,0.74402
0.051375,0.77114
0.0515,0.8003
0.051625,0.82939
0.05175,0.85536
0.051875,0.88003
0.052,0.90444
0.052125,0.93074
0.05225,0.95718
0.052375,0.98546
0.0525,1.0086
0.052625,1.0267
0.05275,1.0462
0.052875,1.0635
0.053,1.0732
0.053125,1.0782
0.05325,1.0812
0.053375,1.0849
0.0535,1.0885
0.053625,1.0919
0.05375,1.0948
0.053875,1.0973
0.054,1.0986
0.054125,1.0999
0.05425,1.1011
0.054375,1.1014
0.0545,1.1009
0.054625,1.0988
0.05475,1.0944
0.054875,1.0843
0.055,1.0685
0.055125,1.0498
0.05525,1.0286
0.055375,1.0069
0.0555,0.98566
0.055625,0.9631
0.05575,0.93822
0.055875,0.91409
0.056,0.89009
0.056125,0.86576
0.05625,0.84007
0.056375,0.81376
0.0565,0.78922
0.056625,0.7623
0.05675,0.73063
0.056875,0.69494
0.057,0.65667
0.057125,0.61752
0.05725,0.57885
0.057375,0.54024
0.0575,0.49721
0.057625,0.45847
0.05775,0.42183
0.057875,0.38213
0.058,0.34237
0.058125,0.30138
0.05825,0.26073
0.058375,0.22192
0.0585,0.18154
0.058625,0.13716
0.05875,0.088897
0.058875,0.041792
0.059,-0.0025946
0.059125,-0.04535
0.05925,-0.087901
0.059375,-0.12739
0.0595,-0.16376
0.059625,-0.19958
0.05975,-0.23581
0.059875,-0.2734
0.06,-0.31153
0.060125,-0.35021
0.06025,-0.38814
0.060375,-0.42593
0.0605,-0.46196
0.060625,-0.49649
0.06075,-0.52959
0.060875,-0.56031
0.061,-0.58927
0.061125,-0.61931
0.06125,-0.64779
0.061375,-0.67457
0.0615,-0.70326
0.061625,-0.7316
0.06175,-0.75872
0.061875,-0.78415
0.062,-0.80868
0.062125,-0.83383
0.06225,-0.86082
0.062375,-0.88869
0.0625,-0.91139
0.062625,-0.93036
0.06275,-0.94939
0.062875,-0.96679
0.063,-0.97719
0.063125,-0.98154
0.06325,-0.9846
0.063375,-0.98834
0.0635,-0.99194
0.063625,-0.99507
0.06375,-0.99745
0.063875,-0.99969
0.064,-1.0013
0.064125,-1.0025
0.06425,-1.0034
0.064375,-1.0036
0.0645,-1.0032
0.064625,-1.0013
0.06475,-0.99602
0.064875,-0.98521
0.065,-0.96863
0.065125,-0.94986
0.06525,-0.93036
0.065375,-0.9101
0.0655,-0.88882
0.065625,-0.86497
0.06575,-0.84022
0.065875,-0.81684
0.066,-0.79319
0.066125,-0.7677
0.06625,-0.74112
0.066375,-0.71509
0.0665,-0.69123
0.066625,-0.66506
0.06675,-0.63352
0.066875,-0.59777
0.067,-0.5597
0.067125,-0.52014
0.06725,-0.4816
0.067375,-0.44347
0.0675,-0.40166
0.067625,-0.36367
0.06775,-0.32621
0.067875,-0.28747
0.068,-0.24784
0.068125,-0.20549
0.06825,-0.1643
0.068375,-0.12542
0.0685,-0.085182
0.068625,-0.040387
0.06875,0.0079412
0.068875,0.05525
0.069,0.098957
0.069125,0.14164
0.06925,0.18399
0.069375,0.22335
0.0695,0.2608
0.069625,0.2971
0.06975,0.33333
0.069875,0.37064
0.07,0.40871
0.070125,0.44711
0.07025,0.48484
0.070375,0.52236
0.0705,0.55777
0.070625,0.59149
0.07075,0.62412
0.070875,0.65552
0.071,0.68529
0.071125,0.71459
0.07125,0.74218
0.071375,0.76903
0.0715,0.79792
0.071625,0.82749
0.07175,0.85448
0.071875,0.87956
0.072,0.90342
0.072125,0.92843
0.07225,0.95596
0.072375,0.98471
0.0725,1.008
0.072625,1.0265
0.07275,1.0461
0.072875,1.0638
0.073,1.0736
0.073125,1.0786
0.07325,1.0817
0.073375,1.0854
0.0735,1.0892
0.073625,1.0922
0.07375,1.0948
0.073875,1.0971
0.074,1.0988
0.074125,1.0997
0.07425,1.1009
0.074375,1.1013
0.0745,1.1008
0.074625,1.0987
0.07475,1.0943
0.074875,1.0845
0.075,1.0686
0.075125,1.0496
0.07525,1.0285
0.075375,1.007
0.0755,0.98594
0.075625,0.96282
0.07575,0.93829
0.075875,0.91409
0.076,0.89084
0.076125,0.86651
0.07625,0.84095
0.076375,0.81478
0.0765,0.78997
0.076625,0.7636
0.07675,0.73219
0.076875,0.69623
0.077,0.65763
0.077125,0.618
0.07725,0.57919
0.077375,0.54037
0.0775,0.49667
0.077625,0.45928
0.07775,0.42414
0.077875,0.38519
0.078,0.34522
0.078125,0.30356
0.07825,0.26311
0.078375,0.22348
0.0785,0.18256
0.078625,0.13763
0.07875,0.089373
0.078875,0.041724
0.079,-0.0025946
0.079125,-0.045282
0.07925,-0.087289
0.079375,-0.12563
0.0795,-0.16192
0.079625,-0.19781
0.07975,-0.23438
0.079875,-0.27218
0.08,-0.31038
0.080125,-0.34939
0.08025,-0.38773
0.080375,-0.42545
0.0805,-0.46168
0.080625,-0.49594
0.08075,-0.52911
0.080875,-0.5595
0.081,-0.5875
0.081125,-0.61734
0.08125,-0.64562
0.081375,-0.67233
0.0815,-0.70108
0.081625,-0.72963
0.08175,-0.75703
0.081875,-0.78299
0.082,-0.80767
0.082125,-0.83295
0.08225,-0.85892
0.082375,-0.88747
0.0825,-0.91119
0.082625,-0.93002
0.08275,-0.94912
0.082875,-0.96645
0.083,-0.97719
0.083125,-0.98188
0.08325,-0.98514
0.083375,-0.98854
0.0835,-0.99214
0.083625,-0.9952
0.08375,-0.99772
0.083875,-0.99982
0.084,-1.0014
0.084125,-1.0025
0.08425,-1.0035
0.084375,-1.0036
0.0845,-1.003
0.084625,-1.0013
0.08475,-0.99622
0.084875,-0.98514
0.085,-0.96883
0.085125,-0.94986
0.08525,-0.93042
0.085375,-0.90996
0.0855,-0.88855
0.085625,-0.86544
0.08575,-0.84111
0.085875,-0.8182
0.086,-0.79448
0.086125,-0.76919
0.08625,-0.74282
0.086375,-0.71645
0.0865,-0.69225
0.086625,-0.66608
0.08675,-0.63508
0.086875,-0.5994
0.087,-0.56092
0.087125,-0.52089
0.08725,-0.48167
0.087375,-0.4436
0.0875,-0.40261
0.087625,-0.36421
0.08775,-0.32649
0.087875,-0.28693
0.088,-0.24736
0.088125,-0.2059
0.08825,-0.16457
0.088375,-0.12461
0.0885,-0.084638
0.088625,-0.041203
0.08875,0.0067177
0.088875,0.054503
0.089,0.098685
0.089125,0.1413
0.08925,0.1829
0.089375,0.2226
0.0895,0.25944
0.089625,0.29513
0.08975,0.33129
0.089875,0.36908
0.09,0.40721
0.090125,0.44562
0.09025,0.48355
0.090375,0.52073
0.0905,0.55621
0.090625,0.58952
0.09075,0.62153
0.090875,0.65232
0.091,0.68325
0.091125,0.71343
0.09125,0.74198
0.091375,0.76951
0.0915,0.79874
0.091625,0.82797
0.09175,0.85373
0.091875,0.8784
0.092,0.9026
0.092125,0.92863
0.09225,0.95562
0.092375,0.98356
0.0925,1.0067
0.092625,1.0246
0.09275,1.0443
0.092875,1.0628
0.093,1.0734
0.093125,1.0787
0.09325,1.082
0.093375,1.0857
0.0935,1.0894
0.093625,1.0923
0.09375,1.0951
0.093875,1.0973
0.094,1.0986
0.094125,1.0997
0.09425,1.1006
0.094375,1.1007
0.0945,1.1003
0.094625,1.0982
0.09475,1.0932
0.094875,1.0827
0.095,1.067
0.095125,1.0484
0.09525,1.0289
0.095375,1.008
0.0955,0.98668
0.095625,0.96425
0.09575,0.94005
0.095875,0.91592
0.096,0.89186
0.096125,0.86732
0.09625,0.84176
0.096375,0.8158
0.0965,0.79085
0.096625,0.76414
0.09675,0.73253
0.096875,0.69685
0.097,0.65837
0.097125,0.61827
0.09725,0.57898
0.097375,0.54024
0.0975,0.49864
0.097625,0.46118
0.09775,0.4255
0.097875,0.38641
0.098,0.34577
0.098125,0.30457
0.09825,0.26413
0.098375,0.2243
0.0985,0.18386
0.098625,0.13981
0.09875,0.091208
0.098875,0.043151
0.099,-0.0017109
0.099125,-0.04399
0.09925,-0.086133
0.099375,-0.12556
0.0995,-0.16179
0.099625,-0.19761
0.09975,-0.23391
0.099875,-0.27143
0.1,-0.30949
0.10012,-0.34796
0.10025,-0.38603
0.10037,-0.42362
0.1005,-0.45992
0.10062,-0.49499
0.10075,-0.52836
0.10087,-0.55882
0.101,-0.58757
0.10112,-0.61795
0.10125,-0.64637
0.10137,-0.67206
0.1015,-0.69993
0.10162,-0.72868
0.10175,-0.7556
0.10187,-0.78136
0.102,-0.80637
0.10213,-0.83152
0.10225,-0.85769
0.10237,-0.88583
0.1025,-0.90949
0.10262,-0.92825
0.10275,-0.94762
0.10288,-0.96557
0.103,-0.97631
0.10312,-0.98106
0.10325,-0.98426
0.10337,-0.98793
0.1035,-0.9916
0.10363,-0.99473
0.10375,-0.99724
0.10387,-0.99914
0.104,-1.0008
0.10412,-1.0021
0.10425,-1.0032
0.10438,-1.0033
0.1045,-1.0027
0.10462,-1.0008
0.10475,-0.99568
0.10487,-0.98473
0.105,-0.96815
0.10513,-0.94952
0.10525,-0.93076
0.10537,-0.91092
0.1055,-0.89005
0.10562,-0.86633
0.10575,-0.84131
0.10587,-0.81779
0.106,-0.79421
0.10613,-0.77048
0.10625,-0.74459
0.10637,-0.7176
0.1065,-0.69259
0.10662,-0.66628
0.10675,-0.63535
0.10688,-0.60042
0.107,-0.56188
0.10712,-0.52211
0.10725,-0.48282
0.10737,-0.4451
0.1075,-0.40431
0.10763,-0.36571
0.10775,-0.32866
0.10787,-0.28998
0.108,-0.24947
0.10812,-0.2076
0.10825,-0.16641
0.10837,-0.12665
0.1085,-0.086949
0.10862,-0.043786
0.10875,0.003591
0.10887,0.051104
0.109,0.095966
0.10912,0.13872
0.10925,0.18127
0.10938,0.22131
0.1095,0.25869
0.10962,0.29465
0.10975,0.33068
0.10987,0.36813
0.11,0.40613
0.11013,0.44467
0.11025,0.4826
0.11037,0.51903
0.1105,0.55478
0.11062,0.58843
0.11075,0.6216
0.11088,0.65362
0.111,0.68325
0.11112,0.71255
0.11125,0.74076
0.11137,0.76774
0.1115,0.79649
0.11163,0.82579
0.11175,0.8525
0.11187,0.87772
0.112,0.9026
0.11212,0.92748
0.11225,0.95351
0.11238,0.98131
0.1125,1.0048
0.11262,1.0238
0.11275,1.0436
0.11287,1.0621
0.113,1.0729
0.11313,1.0781
0.11325,1.0816
0.11338,1.0852
0.1135,1.0889
0.11362,1.0919
0.11375,1.0948
0.11387,1.0971
0.114,1.0988
0.11413,1.0996
0.11425,1.1011
0.11437,1.1013
0.1145,1.1009
0.11462,1.0989
0.11475,1.0941
0.11488,1.0839
0.115,1.0678
0.11512,1.0491
0.11525,1.0291
0.11537,1.0086
0.1155,0.98743
0.11563,0.96439
0.11575,0.93978
0.11587,0.91613
0.116,0.89281
0.11612,0.86902
0.11625,0.84299
0.11637,0.81614
0.1165,0.79099
0.11662,0.76434
0.11675,0.73369
0.11687,0.698
0.117,0.65844
0.11712,0.61834
0.11725,0.58027
0.11738,0.54255
0.1175,0.46112
0.11762,0.42672
0.11775,0.38913
0.11787,0.34883
0.118,0.30682
0.11813,0.26522
0.11825,0.22511
0.11837,0.18501
0.1185,0.14212
0.11862,0.095286
0.11875,0.047433
0.11888,0.0018237
0.119,-0.041271
0.11912,-0.083618
0.11925,-0.12297
0.11937,-0.15968
0.1195,-0.19564
0.11963,-0.23248
0.11975,-0.27068
0.11987,-0.30922
0.12,-0.34762
0.12012,-0.38515
0.12025,-0.4226
0.12038,-0.45849
0.1205,-0.49173
0.12062,-0.52497
0.12075,-0.55698
0.12087,-0.58662
0.121,-0.61625
0.12113,-0.64473
0.12125,-0.67158
0.12138,-0.70061
0.1215,-0.7299
0.12162,-0.75662
0.12175,-0.78163
0.12187,-0.80522
0.122,-0.82969
0.12213,-0.85633
0.12225,-0.88536
0.12237,-0.90928
0.1225,-0.92709
0.12262,-0.94613
0.12275,-0.9638
0.12288,-0.97556
0.123,-0.981
0.12312,-0.98453
0.12325,-0.988
0.12337,-0.99187
0.1235,-0.99507
0.12363,-0.99758
0.12375,-0.99948
0.12387,-1.001
0.124,-1.0021
0.12412,-1.0032
0.12425,-1.0033
0.12437,-1.0027
0.1245,-1.001
0.12462,-0.99588
0.12475,-0.98535
0.12487,-0.96958
0.125,-0.95088
0.12512,-0.93144
0.12525,-0.91153
0.12538,-0.89032
0.1255,-0.86667
0.12562,-0.84206
0.12575,-0.81827
0.12587,-0.79448
0.126,-0.76967
0.12613,-0.74431
0.12625,-0.71808
0.12637,-0.69361
0.1265,-0.66785
0.12662,-0.63699
0.12675,-0.60212
0.12688,-0.56459
0.127,-0.52449
0.12712,-0.48486
0.12725,-0.44755
0.12737,-0.40493
0.1275,-0.36421
0.12763,-0.32839
0.12775,-0.29114
0.12787,-0.25138
0.128,-0.2091
0.12812,-0.16736
0.12825,-0.12834
0.12838,-0.088376
0.1285,-0.044534
0.12862,0.0022315
0.12875,0.049337
0.12887,0.094335
0.129,0.13716
0.12912,0.18012
0.12925,0.21995
0.12938,0.25645
0.1295,0.29234
0.12962,0.32877
0.12975,0.3665
0.12987,0.40477
0.13,0.44324
0.13013,0.48096
0.13025,0.51815
0.13037,0.5541
0.1305,0.58959
0.13062,0.62187
0.13075,0.65164
0.13088,0.6804
0.131,0.70997
0.13112,0.7396
0.13125,0.76693
0.13137,0.79561
0.1315,0.82532
0.13162,0.8523
0.13175,0.87765
0.13187,0.90178
0.132,0.92632
0.13212,0.95249
0.13225,0.98111
0.13237,1.005
0.1325,1.0242
0.13262,1.0432
0.13275,1.0615
0.13287,1.0724
0.133,1.0776
0.13312,1.0809
0.13325,1.0843
0.13338,1.088
0.1335,1.0912
0.13362,1.0944
0.13375,1.0967
0.13387,1.0983
0.134,1.0995
0.13413,1.1007
0.13425,1.1011
0.13437,1.1006
0.1345,1.0986
0.13462,1.0939
0.13475,1.0839
0.13488,1.0683
0.135,1.0498
0.13512,1.03
0.13525,1.01
0.13537,0.98879
0.1355,0.96534
0.13563,0.94067
0.13575,0.91687
0.13587,0.89349
0.136,0.86868
0.13612,0.84217
0.13625,0.81587
0.13638,0.79187
0.1365,0.76625
0.13662,0.73532
0.13675,0.70052
0.13687,0.66238
0.137,0.62208
0.13712,0.58272
0.13725,0.54445
0.13738,0.50006
0.1375,0.46064
0.13762,0.42693
0.13775,0.38941
0.13787,0.34923
0.138,0.30709
0.13813,0.26631
0.13825,0.22722
0.13837,0.18725
0.1385,0.14423
0.13862,0.095966
0.13875,0.04723
0.13888,0.0014838
0.139,-0.041203
0.13912,-0.083414
0.13925,-0.12338
0.13937,-0.16043
0.1395,-0.19632
0.13962,-0.23282
0.13975,-0.26986
0.13987,-0.30766
0.14,-0.34599
0.14012,-0.38379
0.14025,-0.42124
0.14037,-0.45767
0.1405,-0.49356
0.14063,-0.52639
0.14075,-0.55698
0.14087,-0.58594
0.141,-0.6151
0.14112,-0.64304
0.14125,-0.66873
0.14138,-0.69775
0.1415,-0.72739
0.14162,-0.75526
0.14175,-0.78102
0.14187,-0.80495
0.142,-0.83003
0.14213,-0.85586
0.14225,-0.88488
0.14237,-0.90881
0.1425,-0.92689
0.14262,-0.94599
0.14275,-0.96373
0.14288,-0.97556
0.143,-0.98079
0.14312,-0.98405
0.14325,-0.98766
0.14337,-0.99146
0.1435,-0.99473
0.14363,-0.99731
0.14375,-0.99914
0.14387,-1.0008
0.144,-1.002
0.14412,-1.0032
0.14425,-1.0035
0.14438,-1.0032
0.1445,-1.0013
0.14463,-0.99649
0.14475,-0.98637
0.14487,-0.97121
0.145,-0.95292
0.14512,-0.93328
0.14525,-0.91241
0.14538,-0.89052
0.1455,-0.86728
0.14562,-0.84322
0.14575,-0.81997
0.14587,-0.79625
0.146,-0.77144
0.14613,-0.74506
0.14625,-0.71862
0.14637,-0.69415
0.1465,-0.66812
0.14662,-0.63746
0.14675,-0.60286
0.14688,-0.56609
0.147,-0.52626
0.14712,-0.4869
0.14725,-0.44761
0.14737,-0.40499
0.1475,-0.36584
0.14762,-0.3292
0.14775,-0.29162
0.14787,-0.25239
0.148,-0.21039
0.14812,-0.1694
0.14825,-0.13004
0.14837,-0.089736
0.1485,-0.046641
0.14863,0.00073609
0.14875,0.048521
0.14887,0.093655
0.149,0.13641
0.14912,0.17944
0.14925,0.21934
0.14938,0.25638
0.1495,0.29261
0.14962,0.32925
0.14975,0.36725
0.14987,0.40497
0.15,0.44297
0.15013,0.48022
0.15025,0.51699
0.15037,0.55254
0.1505,0.58755
0.15062,0.62031
0.15075,0.65076
0.15088,0.68006
0.151,0.70949
0.15112,0.73851
0.15125,0.76659
0.15137,0.79514
0.1515,0.82409
0.15163,0.85094
0.15175,0.87677
0.15187,0.90219
0.152,0.92707
0.15212,0.95276
0.15225,0.98036
0.15237,1.0039
0.1525,1.0223
0.15263,1.0418
0.15275,1.0598
0.15287,1.0715
0.153,1.0772
0.15312,1.081
0.15325,1.0844
0.15338,1.0881
0.1535,1.0914
0.15362,1.094
0.15375,1.0967
0.15387,1.0979
0.154,1.099
0.15413,1.1006
0.15425,1.1011
0.15437,1.1009
0.1545,1.0992
0.15462,1.0947
0.15475,1.0827
0.15488,1.0617
0.155,1.032
0.15512,0.9943
0.15525,0.95188
0.15537,0.90566
0.1555,0.85516
0.15562,0.8037
0.15575,0.75687
0.15587,0.71506
0.156,0.67707
0.15612,0.64213
0.15625,0.60923
0.15637,0.57803
0.1565,0.54649
0.15663,0.51495
0.15675,0.48294
0.15687,0.45078
0.157,0.41557
0.15712,0.38077
0.15725,0.34828
0.15738,0.31946
0.1575,0.29445
0.15762,0.27181
0.15775,0.25054
0.15787,0.22824
0.158,0.20343
0.15813,0.1757
0.15825,0.14545
0.15837,0.11384
0.1585,0.079449
0.15862,0.042675
0.15875,0.0063099
0.15888,-0.030124
0.159,-0.065062
0.15912,-0.097417
0.15925,-0.13025
0.15937,-0.16206
0.1595,-0.19394
0.15963,-0.22555
0.15975,-0.25749
0.15987,-0.29304
0.16,-0.33124
0.16012,-0.36876
0.16025,-0.40411
0.16037,-0.43613
0.1605,-0.46651
0.16063,-0.49458
0.16075,-0.51667
0.16087,-0.53591
0.161,-0.55365
0.16112,-0.57282
0.16125,-0.59267
0.16138,-0.61476
0.1615,-0.63767
0.16162,-0.65833
0.16175,-0.67913
0.16187,-0.6985
0.162,-0.71767
0.16213,-0.7367
0.16225,-0.75471
0.16237,-0.77123
0.1625,-0.7851
0.16262,-0.79788
0.16275,-0.81079
0.16288,-0.82024
0.163,-0.82656
0.16312,-0.83513
0.16325,-0.84457
0.16337,-0.85178
0.1635,-0.85871
0.16362,-0.86395
0.16375,-0.8666
0.16387,-0.86741
0.164,-0.8668
0.16412,-0.86354
0.16425,-0.85837
0.16437,-0.85294
0.1645,-0.84315
0.16463,-0.82928
0.16475,-0.81215
0.16487,-0.79387
0.165,-0.77749
0.16512,-0.7594
0.16525,-0.7386
0.16538,-0.71604
0.1655,-0.69327
0.16562,-0.66982
0.16575,-0.64732
0.16587,-0.62495
0.166,-0.60137
0.16613,-0.57663
0.16625,-0.54998
0.16637,-0.52293
0.1665,-0.49431
0.16662,-0.46433
0.16675,-0.43524
0.16688,-0.40764
0.167,-0.38175
0.16712,-0.3517
0.16725,-0.31867
0.16737,-0.28686
0.1675,-0.2545
0.16763,-0.22357
0.16775,-0.19203
0.16787,-0.159
0.168,-0.1261
0.16812,-0.090687
0.16825,-0.054662
0.16837,-0.017685
0.1685,0.019293
0.16863,0.055386
0.16875,0.089509
0.16887,0.12316
0.169,0.15551
0.16912,0.18691
0.16925,0.219
0.16938,0.2506
0.1695,0.2816
0.16962,0.31212
0.16975,0.34223
0.16987,0.37411
0.17,0.40653
0.17013,0.43841
0.17025,0.46825
0.17037,0.49571
0.1705,0.52195
0.17062,0.55404
0.17075,0.58381
0.17088,0.60032
0.171,0.61779
0.17112,0.63397
0.17125,0.65232
0.17137,0.67489
0.1715,0.69746
0.17162,0.72247
0.17175,0.74497
0.17188,0.76577
0.172,0.78603
0.17212,0.80744
0.17225,0.82844
0.17237,0.84788
0.1725,0.86678
0.17263,0.88384
0.17275,0.90212
0.17287,0.91776
0.173,0.92381
0.17312,0.93033
0.17325,0.93808
0.17338,0.94366
0.1735,0.94685
0.17362,0.94855
0.17375,0.94835
0.17387,0.94705
0.174,0.9461
0.17413,0.94413
0.17425,0.94094
0.17437,0.93564
0.1745,0.9287
0.17462,0.92021
0.17475,0.90749
0.17488,0.89213
0.175,0.87555
0.17512,0.85828
0.17525,0.83918
0.17537,0.81933
0.1755,0.79928
0.17563,0.77869
0.17575,0.75727
0.17588,0.73491
0.176,0.7118
0.17612,0.68787
0.17625,0.66279
0.17637,0.63628
0.1765,0.60875
0.17663,0.57905
0.17675,0.54901
0.17687,0.5191
0.177,0.48783
0.17712,0.45602
0.17725,0.42509
0.17738,0.39491
0.1775,0.36364
0.17762,0.33244
0.17775,0.30043
0.17787,0.26991
0.178,0.23864
0.17813,0.20431
0.17825,0.1672
0.17837,0.12825
0.1785,0.089033
0.17862,0.050764
0.17875,0.015078
0.17887,-0.01918
0.179,-0.051399
0.17912,-0.080899
0.17925,-0.11101
0.17937,-0.14092
0.1795,-0.17062
0.17962,-0.2023
0.17975,-0.23445
0.17988,-0.26551
0.18,-0.29787
0.18012,-0.33022
0.18025,-0.36047
0.18037,-0.38854
0.1805,-0.41478
0.18063,-0.44544
0.18075,-0.47813
0.18087,-0.49581
0.181,-0.5094
0.18112,-0.52524
0.18125,-0.54019
0.18138,-0.56065
0.1815,-0.58206
0.18162,-0.60715
0.18175,-0.63141
0.18187,-0.65282
0.182,-0.67315
0.18213,-0.6932
0.18225,-0.71638
0.18237,-0.73663
0.1825,-0.75648
0.18262,-0.77381
0.18275,-0.79115
0.18288,-0.80957
0.183,-0.81902
0.18312,-0.82344
0.18325,-0.82989
0.18337,-0.83615
0.1835,-0.84158
0.18362,-0.84403
0.18375,-0.84376
0.18388,-0.84267
0.184,-0.84226
0.18412,-0.84138
0.18425,-0.83832
0.18437,-0.8335
0.1845,-0.82649
0.18463,-0.81698
0.18475,-0.80467
0.18487,-0.7904
0.185,-0.77443
0.18512,-0.75832
0.18525,-0.74037
0.18538,-0.72093
0.1855,-0.70149
0.18562,-0.68239
0.18575,-0.66248
0.18587,-0.64154
0.186,-0.61979
0.18613,-0.59736
0.18625,-0.57316
0.18637,-0.54624
0.1865,-0.51783
0.18662,-0.48778
0.18675,-0.45727
0.18687,-0.42641
0.187,-0.395
0.18712,-0.36482
0.18725,-0.33179
0.18737,-0.29977
0.1875,-0.26674
0.18762,-0.23323
0.18775,-0.20135
0.18788,-0.17103
0.188,-0.14004
0.18812,-0.10761
0.18825,-0.072403
0.18837,-0.035358
0.1885,0.0019596
0.18863,0.038869
0.18875,0.074079
0.18887,0.10786
0.189,0.14144
0.18912,0.17237
0.18925,0.2018
0.18938,0.23096
0.1895,0.26141
0.18962,0.29193
0.18975,0.32164
0.18987,0.35243
0.19,0.38302
0.19013,0.41442
0.19025,0.44596
0.19037,0.47491
0.1905,0.5019
0.19062,0.53099
0.19075,0.5643
0.19088,0.58476
0.191,0.59767
0.19112,0.61399
0.19125,0.62901
0.19137,0.64981
0.1915,0.67108
0.19162,0.69297
0.19175,0.71656
0.19188,0.73879
0.192,0.7606
0.19212,0.78181
0.19225,0.80418
0.19237,0.82423
0.1925,0.84353
0.19263,0.86154
0.19275,0.87956
0.19287,0.89771
0.193,0.9079
0.19312,0.91049
0.19325,0.91504
0.19338,0.92068
0.1935,0.92619
0.19362,0.92938
0.19375,0.93006
0.19387,0.92999
0.194,0.9302
0.19413,0.92965
0.19425,0.92721
0.19437,0.92299
0.1945,0.91606
0.19462,0.90865
0.19475,0.89968
0.19487,0.88717
0.195,0.87256
0.19512,0.85563
0.19525,0.83714
0.19537,0.81859
0.1955,0.79983
0.19562,0.78127
0.19575,0.76122
0.19588,0.74035
0.196,0.71901
0.19612,0.69712
0.19625,0.67333
0.19637,0.646
0.1965,0.61786
0.19663,0.58884
0.19675,0.55913
0.19687,0.52902
0.197,0.49871
0.19712,0.46975
0.19725,0.43569
0.19738,0.40048
0.1975,0.36616
0.19762,0.3319
0.19775,0.30022
0.19787,0.26848
0.198,0.23789
0.19813,0.20744
0.19825,0.17359
0.19837,0.13845
0.1985,0.10208
0.19862,0.065106
0.19875,0.028809
0.19888,-0.0057213
0.199,-0.039912
0.19912,-0.070771
0.19925,-0.10034
0.19937,-0.12998
0.1995,-0.15941
0.19962,-0.19061
0.19975,-0.22079
0.19988,-0.25008
0.2,-0.27999
0.20012,-0.31065
0.20025,-0.34205
0.20037,-0.37203
0.2005,-0.40024
0.20063,-0.43001
0.20075,-0.46399
0.20087,-0.48527
0.201,-0.49737
0.20112,-0.51341
0.20125,-0.53095
0.20138,-0.55154
0.2015,-0.57078
0.20162,-0.59158
0.20175,-0.61428
0.20187,-0.63685
0.202,-0.65894
0.20213,-0.67886
0.20225,-0.70136
0.20237,-0.72134
0.2025,-0.74119
0.20262,-0.75988
0.20275,-0.77681
0.20287,-0.79387
0.203,-0.80454
0.20313,-0.80699
0.20325,-0.81066
0.20337,-0.81616
0.2035,-0.82092
0.20362,-0.82344
0.20375,-0.82445
0.20388,-0.82493
0.204,-0.82649
0.20412,-0.82711
0.20425,-0.82547
0.20437,-0.82242
0.2045,-0.81718
0.20463,-0.81032
0.20475,-0.80032
0.20487,-0.78789
0.205,-0.77348
0.20512,-0.75906
0.20525,-0.74187
0.20538,-0.7225
0.2055,-0.70163
0.20562,-0.68219
0.20575,-0.66383
0.20587,-0.64507
0.206,-0.62557
0.20613,-0.60375
0.20625,-0.58036
0.20637,-0.55433
0.2065,-0.52694
0.20662,-0.49866
0.20675,-0.46923
0.20688,-0.43932
0.207,-0.40805
0.20713,-0.3778
0.20725,-0.34545
0.20737,-0.31004
0.2075,-0.27415
0.20762,-0.23744
0.20775,-0.20332
0.20788,-0.17076
0.208,-0.13929
0.20812,-0.1087
0.20825,-0.075801
0.20837,-0.042155
0.2085,-0.0085082
0.20863,0.02677
0.20875,0.062387
0.20887,0.096034
0.209,0.12982
0.20912,0.16231
0.20925,0.19344
0.20938,0.22389
0.2095,0.25298
0.20962,0.28357
0.20975,0.3128
0.20987,0.34155
0.21,0.37228
0.21012,0.40286
0.21025,0.43318
0.21037,0.46159
0.2105,0.48878
0.21062,0.51434
0.21075,0.54275
0.21087,0.57028
0.211,0.5868
0.21113,0.60522
0.21125,0.62391
0.21137,0.64437
0.2115,0.66646
0.21162,0.68726
0.21175,0.70895
0.21188,0.72975
0.212,0.75102
0.21212,0.77148
0.21225,0.79337
0.21237,0.81458
0.2125,0.83368
0.21263,0.85196
0.21275,0.86861
0.21287,0.88574
0.213,0.89635
0.21312,0.89825
0.21325,0.90138
0.21338,0.90586
0.2135,0.91035
0.21362,0.91361
0.21375,0.91518
0.21387,0.91592
0.214,0.91755
0.21413,0.91885
0.21425,0.91837
0.21437,0.9164
0.2145,0.91266
0.21462,0.90736
0.21475,0.89995
0.21487,0.88873
0.215,0.87466
0.21513,0.85917
0.21525,0.84204
0.21537,0.82321
0.2155,0.80322
0.21562,0.78317
0.21575,0.76278
0.21588,0.74191
0.216,0.72132
0.21612,0.70038
0.21625,0.67802
0.21637,0.65266
0.2165,0.62541
0.21663,0.5972
0.21675,0.56872
0.21687,0.53976
0.217,0.50897
0.21712,0.47845
0.21725,0.44412
0.21738,0.40619
0.2175,0.37146
0.21762,0.33618
0.21775,0.30118
0.21787,0.26773
0.218,0.23565
0.21812,0.20581
0.21825,0.17298
0.21837,0.1396
0.2185,0.10684
0.21862,0.072923
0.21875,0.03717
0.21887,0.0027073
0.219,-0.031823
0.21913,-0.065198
0.21925,-0.096465
0.21937,-0.12766
0.2195,-0.15601
0.21962,-0.18551
0.21975,-0.21481
0.21988,-0.24342
0.22,-0.27306
0.22012,-0.30371
0.22025,-0.33457
0.22037,-0.36373
0.2205,-0.39126
0.22063,-0.41893
0.22075,-0.45203
0.22087,-0.47698
0.221,-0.48901
0.22112,-0.50491
0.22125,-0.52286
0.22138,-0.54468
0.2215,-0.56589
0.22162,-0.58635
0.22175,-0.6064
0.22187,-0.62767
0.222,-0.64936
0.22213,-0.66975
0.22225,-0.69184
0.22237,-0.71182
0.2225,-0.73194
0.22262,-0.75098
0.22275,-0.76783
0.22287,-0.78333
0.223,-0.79224
0.22313,-0.79543
0.22325,-0.79849
0.22337,-0.80318
0.2235,-0.8076
0.22362,-0.81086
0.22375,-0.8131
0.22388,-0.81392
0.224,-0.81541
0.22412,-0.81657
0.22425,-0.81684
0.22437,-0.81616
0.2245,-0.81392
0.22463,-0.80977
0.22475,-0.80134
0.22487,-0.7887
0.225,-0.77348
0.22512,-0.75913
0.22525,-0.74459
0.22538,-0.72753
0.2255,-0.70815
0.22562,-0.68695
0.22575,-0.66567
0.22587,-0.64453
0.226,-0.62557
0.22612,-0.60551
0.22625,-0.58247
0.22637,-0.55712
0.2265,-0.52952
0.22662,-0.50172
0.22675,-0.47426
0.22687,-0.4451
0.227,-0.41315
0.22713,-0.38127
0.22725,-0.34667
0.22737,-0.30983
0.2275,-0.27537
0.22762,-0.23921
0.22775,-0.20386
0.22788,-0.17008
0.228,-0.13779
0.22812,-0.10741
0.22825,-0.074646
0.22837,-0.041271
0.2285,-0.00912
0.22863,0.023371
0.22875,0.058785
0.22887,0.093179
0.229,0.12723
0.22912,0.16074
0.22925,0.19194
0.22938,0.22389
0.2295,0.25203
0.22962,0.28058
0.22975,0.30926
0.22987,0.33754
0.23,0.36772
0.23013,0.39879
0.23025,0.42876
0.23037,0.4567
0.2305,0.48362
0.23062,0.50931
0.23075,0.53609
0.23087,0.56722
0.231,0.58578
0.23113,0.60039
0.23125,0.61786
0.23137,0.63764
0.2315,0.6598
0.23162,0.6806
0.23175,0.70194
0.23188,0.7224
0.232,0.74361
0.23212,0.76326
0.23225,0.78419
0.23237,0.80472
0.2325,0.82307
0.23263,0.84149
0.23275,0.85821
0.23287,0.87351
0.233,0.88302
0.23312,0.88629
0.23325,0.88907
0.23338,0.89268
0.2335,0.89682
0.23362,0.9007
0.23375,0.90308
0.23387,0.90471
0.234,0.90607
0.23412,0.90736
0.23425,0.90749
0.23438,0.90709
0.2345,0.90559
0.23462,0.90437
0.23475,0.90314
0.23487,0.89934
0.235,0.89295
0.23513,0.88486
0.23525,0.87385
0.23537,0.86216
0.2355,0.8489
0.23562,0.8347
0.23575,0.81791
0.23588,0.79962
0.236,0.78222
0.23612,0.76244
0.23625,0.74184
0.23637,0.72118
0.2365,0.69617
0.23663,0.66605
0.23675,0.63268
0.23687,0.59761
0.237,0.55995
0.23712,0.52175
0.23725,0.48579
0.23738,0.44752
0.2375,0.41075
0.23762,0.37601
0.23775,0.34101
0.23787,0.30546
0.238,0.26998
0.23813,0.23483
0.23825,0.19962
0.23838,0.16312
0.2385,0.1288
0.23862,0.094267
0.23875,0.057697
0.23887,0.020516
0.239,-0.014626
0.23913,-0.049088
0.23925,-0.081783
0.23937,-0.1155
0.2395,-0.14731
0.23962,-0.17654
0.23975,-0.20726
0.23988,-0.23785
0.24,-0.27054
0.24012,-0.30399
0.24025,-0.33566
0.24037,-0.36645
0.2405,-0.39636
0.24063,-0.42525
0.24075,-0.45679
0.24087,-0.48323
0.241,-0.50226
0.24112,-0.52211
0.24125,-0.54305
0.24137,-0.56575
0.2415,-0.58771
0.24162,-0.61014
0.24175,-0.63298
0.24187,-0.655
0.242,-0.67743
0.24212,-0.6987
0.24225,-0.72175
0.24238,-0.74316
0.2425,-0.76328
0.24262,-0.7798
0.24275,-0.79074
0.24287,-0.79842
0.243,-0.80379
0.24313,-0.81032
0.24325,-0.81691
0.24337,-0.82262
0.2435,-0.82779
0.24362,-0.83241
0.24375,-0.83628
0.24388,-0.83961
0.244,-0.84308
0.24412,-0.84668
0.24425,-0.85096
0.24437,-0.85647
0.2445,-0.86266
0.24463,-0.86884
0.24475,-0.87421
0.24487,-0.87849
0.245,-0.88135
0.24512,-0.88142
0.24525,-0.87897
0.24538,-0.87333
0.2455,-0.86252
0.24562,-0.84825
0.24575,-0.832
0.24587,-0.81643
0.246,-0.8044
0.24612,-0.79108
0.24625,-0.77381
0.24638,-0.752
0.2465,-0.72589
0.24662,-0.69551
0.24675,-0.65765
0.24687,-0.61489
0.247,-0.5718
0.24713,-0.52667
0.24725,-0.48078
0.24737,-0.44007
0.2475,-0.40289
0.24762,-0.3704
0.24775,-0.33811
0.24788,-0.30229
0.248,-0.26538
0.24812,-0.22752
0.24825,-0.18843
0.24837,-0.14724
0.2485,-0.1034
0.24863,-0.058672
0.24875,-0.017005
0.24887,0.022623
0.249,0.064767
0.24912,0.10609
0.24925,0.14681
0.24937,0.1863
0.2495,0.22532
0.24962,0.26304
0.24975,0.29988
0.24987,0.33754
0.25,0.37554
0.25012,0.4132
0.25025,0.45065
0.25038,0.4864
0.2505,0.52141
0.25062,0.55628
0.25075,0.5902
0.25087,0.6231
0.251,0.65402
0.25113,0.68393
0.25125,0.71241
0.25137,0.73899
0.2515,0.76618
0.25162,0.79493
0.25175,0.82491
0.25188,0.85216
0.252,0.87636
0.25212,0.89913
0.25225,0.92258
0.25237,0.94413
0.2525,0.95732
0.25263,0.96514
0.25275,0.97166
0.25287,0.979
0.253,0.98607
0.25312,0.9928
0.25325,1
0.25338,1.0071
0.2535,1.0146
0.25362,1.022
0.25375,1.0292
0.25387,1.0362
0.254,1.0425
0.25412,1.0469
0.25425,1.0518
0.25438,1.0553
0.2545,1.058
0.25462,1.0593
0.25475,1.0591
0.25487,1.0574
0.255,1.0525
0.25513,1.0424
0.25525,1.0273
0.25537,1.0114
0.2555,0.99538
0.25562,0.97574
0.25575,0.9514
0.25588,0.92768
0.256,0.90314
0.25612,0.8782
0.25625,0.85223
0.25637,0.82701
0.2565,0.79853
0.25663,0.76577
0.25675,0.72975
0.25687,0.68944
0.257,0.6477
0.25712,0.60563
0.25725,0.56627
0.25737,0.53174
0.2575,0.49123
0.25762,0.45044
0.25775,0.41442
0.25787,0.3754
0.258,0.33543
0.25812,0.29431
0.25825,0.25434
0.25838,0.21485
0.2585,0.17434
0.25862,0.13512
0.25875,0.094471
0.25887,0.051512
0.259,0.0095726
0.25913,-0.032978
0.25925,-0.075665
0.25937,-0.11516
0.2595,-0.15227
0.25962,-0.1885
0.25975,-0.22521
0.25988,-0.26218
0.26,-0.30032
0.26012,-0.33709
0.26025,-0.37305
0.26037,-0.40832
0.2605,-0.44272
0.26063,-0.47711
0.26075,-0.51185
0.26087,-0.54604
0.261,-0.57873
0.26112,-0.60925
0.26125,-0.63705
0.26138,-0.66241
0.2615,-0.68837
0.26162,-0.71658
0.26175,-0.74513
0.26187,-0.77076
0.262,-0.79489
0.26212,-0.81888
0.26225,-0.84362
0.26238,-0.86952
0.2625,-0.8893
0.26262,-0.90582
0.26275,-0.92132
0.26287,-0.93144
0.263,-0.9362
0.26313,-0.93946
0.26325,-0.94266
0.26337,-0.9464
0.2635,-0.95061
0.26362,-0.95415
0.26375,-0.95727
0.26388,-0.96006
0.264,-0.9623
0.26412,-0.96455
0.26425,-0.96686
0.26437,-0.96801
0.2645,-0.96883
0.26463,-0.96801
0.26475,-0.96584
0.26487,-0.95999
0.265,-0.94715
0.26512,-0.92988
0.26525,-0.91058
0.26537,-0.89148
0.2655,-0.87224
0.26563,-0.85117
0.26575,-0.82765
0.26587,-0.80338
0.266,-0.77918
0.26612,-0.75356
0.26625,-0.72698
0.26638,-0.70224
0.2665,-0.67525
0.26662,-0.6446
0.26675,-0.60959
0.26687,-0.57262
0.267,-0.5336
0.26713,-0.49397
0.26725,-0.4572
0.26737,-0.4224
0.2675,-0.38399
0.26762,-0.3447
0.26775,-0.30494
0.26788,-0.26511
0.268,-0.22534
0.26812,-0.18354
0.26825,-0.14207
0.26837,-0.1002
0.2685,-0.060032
0.26863,-0.020743
0.26875,0.021876
0.26887,0.064835
0.269,0.10507
0.26912,0.1464
0.26925,0.1878
0.26938,0.22681
0.2695,0.26332
0.26963,0.29859
0.26975,0.33584
0.26987,0.37241
0.27,0.40851
0.27012,0.44521
0.27025,0.48198
0.27038,0.51753
0.2705,0.55104
0.27062,0.58388
0.27075,0.61589
0.27087,0.64872
0.271,0.67985
0.27113,0.70983
0.27125,0.73858
0.27137,0.76468
0.2715,0.79153
0.27162,0.81954
0.27175,0.84645
0.27188,0.87133
0.272,0.89601
0.27212,0.92068
0.27225,0.94719
0.27237,0.97343
0.2725,0.99314
0.27262,1.0114
0.27275,1.0292
0.27287,1.0398
0.273,1.0447
0.27312,1.0481
0.27325,1.0512
0.27337,1.0549
0.2735,1.0585
0.27363,1.0616
0.27375,1.0644
0.27387,1.067
0.274,1.0685
0.27412,1.071
0.27425,1.0731
0.27438,1.0739
0.2745,1.0735
0.27462,1.0717
0.27475,1.0685
0.27487,1.0604
0.275,1.0465
0.27513,1.0284
0.27525,1.0088
0.27537,0.98784
0.2755,0.96677
0.27562,0.94522
0.27575,0.92129
0.27588,0.89825
0.276,0.87371
0.27612,0.84815
0.27625,0.82321
0.27637,0.80051
0.2765,0.7742
0.27663,0.74307
0.27675,0.7084
0.27687,0.67129
0.277,0.63227
0.27712,0.59183
0.27725,0.55302
0.27737,0.51366
0.2775,0.47485
0.27763,0.44059
0.27775,0.40545
0.27787,0.36738
0.278,0.32864
0.27812,0.28874
0.27825,0.24802
0.27838,0.2054
0.2785,0.16407
0.27862,0.122
0.27875,0.076186
0.27887,0.030304
0.279,-0.013742
0.27913,-0.056769
0.27925,-0.097893
0.27937,-0.13596
0.2795,-0.17178
0.27962,-0.20828
0.27975,-0.24641
0.27988,-0.28441
0.28,-0.32084
0.28012,-0.35768
0.28025,-0.39521
0.28037,-0.43205
0.2805,-0.46699
0.28062,-0.50077
0.28075,-0.53176
0.28087,-0.56052
0.281,-0.5907
0.28112,-0.62108
0.28125,-0.64854
0.28137,-0.67471
0.2815,-0.70163
0.28163,-0.72984
0.28175,-0.75703
0.28187,-0.78177
0.282,-0.80563
0.28212,-0.82982
0.28225,-0.85565
0.28238,-0.8823
0.2825,-0.9031
0.28262,-0.92227
0.28275,-0.9396
0.28287,-0.95
0.283,-0.95469
0.28313,-0.95816
0.28325,-0.96176
0.28337,-0.9655
0.2835,-0.96903
0.28362,-0.97223
0.28375,-0.97433
0.28388,-0.97678
0.284,-0.97896
0.28412,-0.98093
0.28425,-0.98222
0.28437,-0.98263
0.2845,-0.98195
0.28463,-0.98011
0.28475,-0.97631
0.28487,-0.96672
0.285,-0.95177
0.28512,-0.93423
0.28525,-0.91411
0.28537,-0.89236
0.2855,-0.87102
0.28563,-0.84818
0.28575,-0.82384
0.28587,-0.79944
0.286,-0.77497
0.28612,-0.74962
0.28625,-0.72345
0.28638,-0.69918
0.2865,-0.67274
0.28662,-0.64188
0.28675,-0.60755
0.28687,-0.57051
0.287,-0.5317
0.28713,-0.49234
0.28725,-0.45461
0.28737,-0.41553
0.2875,-0.37638
0.28762,-0.33974
0.28775,-0.30269
0.28788,-0.26443
0.288,-0.22378
0.28812,-0.18218
0.28825,-0.14174
0.28837,-0.10109
0.2885,-0.060983
0.28862,-0.018704
0.28875,0.027857
0.28887,0.073535
0.289,0.11629
0.28912,0.15775
0.28925,0.19786
0.28937,0.23626
0.2895,0.27263
0.28963,0.30954
0.28975,0.34801
0.28987,0.38512
0.29,0.4219
0.29012,0.4586
0.29025,0.49429
0.29038,0.53004
0.2905,0.56403
0.29062,0.59679
0.29075,0.62806
0.29087,0.65797
0.291,0.6874
0.29113,0.71737
0.29125,0.74565
0.29137,0.77298
0.2915,0.8018
0.29162,0.83041
0.29175,0.85753
0.29188,0.88302
0.292,0.90722
0.29212,0.93122
0.29225,0.95766
0.29237,0.98383
0.2925,1.0044
0.29263,1.0235
0.29275,1.0415
0.29287,1.0525
0.293,1.0575
0.29312,1.0607
0.29325,1.0641
0.29337,1.0676
0.2935,1.0711
0.29363,1.0741
0.29375,1.0767
0.29387,1.079
0.294,1.0803
0.29412,1.0824
0.29425,1.0837
0.29438,1.0842
0.2945,1.0833
0.29462,1.0814
0.29475,1.0776
0.29487,1.068
0.295,1.0537
0.29513,1.0356
0.29525,1.0146
0.29537,0.99178
0.2955,0.96976
0.29562,0.94678
0.29575,0.92279
0.29588,0.89927
0.296,0.87392
0.29612,0.84802
0.29625,0.82226
0.29637,0.7984
0.2965,0.77277
0.29662,0.74307
0.29675,0.70895
0.29688,0.6717
0.297,0.63295
0.29712,0.59366
0.29725,0.55628
0.29737,0.5157
0.2975,0.47308
0.29763,0.43828
0.29775,0.40246
0.29787,0.3633
0.298,0.32354
0.29812,0.28323
0.29825,0.2432
0.29838,0.20194
0.2985,0.16156
0.29862,0.11908
0.29875,0.071632
0.29887,0.024459
0.299,-0.01918
0.29913,-0.062343
0.29925,-0.14207
0.29937,-0.17878
0.2995,-0.21549
0.29962,-0.25348
0.29975,-0.2906
0.29988,-0.32825
0.3,-0.36571
0.30012,-0.40234
0.30025,-0.43796
0.30037,-0.47331
0.3005,-0.50729
0.30062,-0.53849
0.30075,-0.56759
0.30088,-0.59695
0.301,-0.62679
0.30112,-0.65391
0.30125,-0.68035
0.30137,-0.70768
0.3015,-0.73575
0.30163,-0.76274
0.30175,-0.78816
0.30187,-0.81256
0.302,-0.83669
0.30212,-0.86293
0.30225,-0.88998
0.30238,-0.91132
0.3025,-0.93042
0.30262,-0.94837
0.30275,-0.95965
0.30287,-0.96482
0.303,-0.96849
0.30313,-0.97196
0.30325,-0.97549
0.30337,-0.97869
0.3035,-0.98154
0.30362,-0.98372
0.30375,-0.98575
0.30388,-0.98739
0.304,-0.98915
0.30412,-0.99024
0.30425,-0.99024
0.30437,-0.98936
0.3045,-0.98698
0.30462,-0.98208
0.30475,-0.97162
0.30488,-0.95714
0.305,-0.93953
0.30512,-0.91934
0.30525,-0.89698
0.30537,-0.87435
0.3055,-0.85015
0.30563,-0.82554
0.30575,-0.80223
0.30587,-0.77776
0.306,-0.75152
0.30612,-0.72501
0.30625,-0.70034
0.30638,-0.67491
0.3065,-0.64514
0.30662,-0.61122
0.30675,-0.57418
0.30687,-0.53516
0.307,-0.49547
0.30713,-0.4574
0.30725,-0.41764
0.30737,-0.37767
0.3075,-0.34062
0.30762,-0.30269
0.30775,-0.26368
0.30788,-0.22317
0.308,-0.18164
0.30812,-0.14078
0.30825,-0.09966
0.30837,-0.059148
0.3085,-0.016461
0.30862,0.030508
0.30875,0.076934
0.30888,0.11942
0.309,0.16224
0.30912,0.20241
0.30925,0.24061
0.30937,0.27745
0.3095,0.31355
0.30963,0.35086
0.30975,0.38757
0.30987,0.42529
0.31,0.46268
0.31012,0.49857
0.31025,0.53324
0.31038,0.5677
0.3105,0.601
0.31062,0.63322
0.31075,0.66361
0.31087,0.69304
0.311,0.72234
0.31113,0.75021
0.31125,0.77753
0.31137,0.80683
0.3115,0.83422
0.31162,0.85991
0.31175,0.88527
0.31188,0.91049
0.312,0.93577
0.31212,0.96296
0.31225,0.98981
0.31237,1.0102
0.3125,1.029
0.31262,1.0479
0.31275,1.0599
0.31288,1.0648
0.313,1.0683
0.31312,1.0716
0.31325,1.0753
0.31337,1.0785
0.3135,1.0813
0.31363,1.084
0.31375,1.086
0.31387,1.0872
0.314,1.089
0.31412,1.0903
0.31425,1.0905
0.31438,1.0899
0.3145,1.0874
0.31462,1.0825
0.31475,1.0719
0.31487,1.0566
0.315,1.0375
0.31513,1.0169
0.31525,0.99538
0.31537,0.9737
0.3155,0.94998
0.31562,0.92456
0.31575,0.90002
0.31588,0.87534
0.316,0.85006
0.31612,0.82382
0.31625,0.79949
0.31637,0.7742
0.3165,0.74456
0.31662,0.71064
0.31675,0.67394
0.31688,0.6354
0.317,0.5957
0.31712,0.55818
0.31725,0.51665
0.31737,0.4743
0.3175,0.43957
0.31763,0.40273
0.31775,0.36412
0.31787,0.32463
0.318,0.28357
0.31812,0.24231
0.31825,0.20064
0.31838,0.16054
0.3185,0.11745
0.31862,0.069932
0.31875,0.023099
0.31887,-0.020811
0.319,-0.063566
0.31913,-0.10455
0.31925,-0.14316
0.31937,-0.18
0.3195,-0.2163
0.31962,-0.25389
0.31975,-0.29141
0.31987,-0.32988
0.32,-0.36822
0.32012,-0.40459
0.32025,-0.43966
0.32037,-0.47535
0.3205,-0.5096
0.32062,-0.5406
0.32075,-0.57058
0.32088,-0.59974
0.321,-0.62998
0.32112,-0.65751
0.32125,-0.68307
0.32137,-0.71114
0.3215,-0.73874
0.32163,-0.76566
0.32175,-0.79067
0.32187,-0.81507
0.322,-0.83907
0.32212,-0.86571
0.32225,-0.89338
0.32238,-0.91459
0.3225,-0.9343
0.32262,-0.95272
0.32275,-0.96502
0.32287,-0.97032
0.323,-0.97379
0.32313,-0.97739
0.32325,-0.98106
0.32337,-0.98467
0.3235,-0.98732
0.32362,-0.98949
0.32375,-0.9914
0.32388,-0.99262
0.324,-0.99411
0.32412,-0.99493
0.32425,-0.99507
0.32437,-0.99452
0.3245,-0.99269
0.32462,-0.98739
0.32475,-0.97549
0.32488,-0.95979
0.325,-0.94178
0.32512,-0.92172
0.32525,-0.90011
0.32537,-0.87727
0.3255,-0.85287
0.32563,-0.82779
0.32575,-0.80433
0.32587,-0.7802
0.326,-0.75424
0.32612,-0.72705
0.32625,-0.70156
0.32638,-0.6758
0.3265,-0.64664
0.32662,-0.61265
0.32675,-0.57561
0.32687,-0.53727
0.327,-0.49791
0.32713,-0.45985
0.32725,-0.41961
0.32737,-0.3795
0.3275,-0.34253
0.32762,-0.30528
0.32775,-0.26613
0.32787,-0.225
0.328,-0.18286
0.32813,-0.14126
0.32825,-0.099592
0.32837,-0.058808
0.3285,-0.015577
0.32862,0.03078
0.32875,0.075778
0.32888,0.11901
0.329,0.16183
0.32912,0.2033
0.32925,0.24184
0.32937,0.278
0.3295,0.31368
0.32963,0.35066
0.32975,0.38791
0.32987,0.42597
0.33,0.46377
0.33012,0.49966
0.33025,0.53521
0.33038,0.56953
0.3305,0.6027
0.33062,0.63445
0.33075,0.6649
0.33087,0.69481
0.331,0.72417
0.33113,0.75177
0.33125,0.78005
0.33137,0.81023
0.3315,0.83769
0.33162,0.8627
0.33175,0.88697
0.33187,0.91171
0.332,0.93801
0.33213,0.96568
0.33225,0.99212
0.33237,1.0123
0.3325,1.0316
0.33262,1.0507
0.33275,1.0632
0.33288,1.0689
0.333,1.0725
0.33312,1.0763
0.33325,1.0801
0.33337,1.0834
0.3335,1.0862
0.33363,1.0886
0.33375,1.0905
0.33387,1.0914
0.334,1.0929
0.33412,1.0938
0.33425,1.0944
0.33438,1.0935
0.3345,1.0915
0.33462,1.0861
0.33475,1.0744
0.33487,1.0583
0.335,1.0394
0.33513,1.0186
0.33525,0.99647
0.33537,0.97424
0.3355,0.95093
0.33562,0.92666
0.33575,0.90253
0.33587,0.87806
0.336,0.85278
0.33613,0.82586
0.33625,0.80017
0.33637,0.77461
0.3365,0.74511
0.33662,0.71085
0.33675,0.67401
0.33688,0.63574
0.337,0.59693
0.33712,0.55886
0.33725,0.51753
0.33737,0.47661
0.3375,0.44147
0.33763,0.40477
0.33775,0.36548
0.33787,0.32497
0.338,0.28439
0.33812,0.24354
0.33825,0.20255
0.33838,0.1621
0.3385,0.11833
0.33862,0.070544
0.33875,0.024119
0.33887,-0.019452
0.339,-0.062683
0.33913,-0.10455
0.33925,-0.14357
0.33937,-0.18028
0.3395,-0.21623
0.33962,-0.25341
0.33975,-0.29032
0.33987,-0.32873
0.34,-0.36774
0.34013,-0.40533
0.34025,-0.4417
0.34037,-0.47718
0.3405,-0.51185
0.34062,-0.54339
0.34075,-0.57268
0.34088,-0.60191
0.341,-0.63148
0.34112,-0.65819
0.34125,-0.68477
0.34137,-0.71359
0.3415,-0.74166
0.34163,-0.76817
0.34175,-0.79196
0.34187,-0.81596
0.342,-0.84063
0.34212,-0.86871
0.34225,-0.89589
0.34238,-0.91642
0.3425,-0.936
0.34262,-0.95449
0.34275,-0.96754
0.34287,-0.97338
0.343,-0.97719
0.34313,-0.98086
0.34325,-0.98446
0.34337,-0.988
0.3435,-0.99078
0.34362,-0.99269
0.34375,-0.99479
0.34387,-0.99575
0.344,-0.99704
0.34413,-0.99799
0.34425,-0.99813
0.34437,-0.99751
0.3445,-0.99568
0.34462,-0.99024
0.34475,-0.97773
0.34488,-0.96067
0.345,-0.94218
0.34512,-0.922
0.34525,-0.90079
0.34537,-0.87863
0.3455,-0.85416
0.34563,-0.8288
0.34575,-0.80501
0.34587,-0.78082
0.346,-0.7558
0.34612,-0.72936
0.34625,-0.70367
0.34638,-0.67797
0.3465,-0.64834
0.34662,-0.61449
0.34675,-0.57778
0.34687,-0.53951
0.347,-0.49982
0.34713,-0.46223
0.34725,-0.42212
0.34737,-0.37998
0.3475,-0.34212
0.34762,-0.30467
0.34775,-0.26565
0.34787,-0.22453
0.348,-0.18299
0.34813,-0.14241
0.34825,-0.10211
0.34837,-0.061255
0.3485,-0.017005
0.34862,0.029761
0.34875,0.074487
0.34888,0.11697
0.349,0.15979
0.34912,0.202
0.34925,0.24122
0.34937,0.27732
0.3495,0.31226
0.34963,0.34903
0.34975,0.38621
0.34987,0.42434
