,time,raw,gapsopq,sannpq
0,0.0100260421895655,0.8486864490342622,0.8134465311027135,0.8127380723813393
1,0.0101562505296897,0.8824987130955557,0.8413361413113801,0.8403808087950306
2,0.0102864588698139,0.910272985310715,0.8673568548706502,0.8659894217676325
3,0.0104166672099382,0.9295942681163416,0.8913762143964674,0.8895022736412765
4,0.0105468755500624,0.9537458524719277,0.9132620239106782,0.9108629674783764
5,0.0106770838901866,0.9730671352775543,0.9328900550936831,0.930020500468831
6,0.0108072922303108,0.988765653617817,0.9501509251959931,0.9469293065365869
7,0.0109375005704351,0.9972187196331405,0.9649555822279944,0.9615493111676177
8,0.0110677089105593,1.0080869364234437,0.9772390579059321,0.9738460412123661
9,0.0111979172506835,1.0177475395233628,0.9869622133558761,0.9837907036563815
10,0.0113281255908078,1.018955076607956,0.9941115764766405,0.9913601877741051
11,0.011458333930932,1.0165399258329761,0.9986973965059579,0.996537072812753
12,0.0115885422710562,1.0165399258329761,1.0007501638382386,0.9993096678572769
13,0.0117187506111804,1.015332388748383,1.0003160609752388,0.9996720243553693
14,0.0118489589513047,1.012917237973403,0.9974516475660258,0.9976239174015656
15,0.0119791672914289,1.0068793227330597,0.992218404774365,0.9931708323866639
16,0.0121093756315531,1.005671709042673,0.9846775315024138,0.9863239456891087
17,0.0122395839716773,1.0044641719580798,0.9748855142683585,0.9771000718153694
18,0.0123697923118016,0.9984262567177362,0.9628908889236543,0.9655216210504591
19,0.0125000006519258,0.9899731907024102,0.948732421858482,0.9516165647822797
20,0.01263020899205,0.9827277383774733,0.9324389400475803,0.9354183424207205
21,0.0127604173321743,0.97427467236215,0.9140307124370386,0.9169657363941877
22,0.0128906256722985,0.9585761540218872,0.8935220579993812,0.8963028239420028
23,0.0130208340124227,0.9404624849066447,0.8709249572756026,0.8734789109967511
24,0.0131510423525469,0.9138957497760812,0.8462529845618222,0.8485483688151286
25,0.0132812506926712,0.8897441654204952,0.81952526018561,0.8215705163382642
26,0.0134114590327954,0.8583471287399695,0.7907698551695629,0.7926095429964491
27,0.0135416673729196,0.8184970260441231,0.7600264216514047,0.7617343836043157
28,0.0136718757130438,0.7810620741232539,0.7273479043354475,0.7290185288443265
29,0.0138020840531681,0.7412119714274051,0.6928013837308562,0.6945398520871723
30,0.0139322923932923,0.6929088027162327,0.6564680636471636,0.6583805016984342
31,0.0140625007334165,0.6421904832300832,0.6184427055485009,0.6206267529859084
32,0.0141927090735408,0.5902645883564424,0.5788325242951201,0.5813687702887776
33,0.014322917413665,0.5431689950327587,0.5377558005878059,0.5407003840495118
34,0.0144531257537892,0.4900355247716293,0.4953400232871349,0.49871896150023914
35,0.0145833340939134,0.4393172052854772,0.4517197061878986,0.45552522006436375
36,0.0147135424340377,0.3922216502646914,0.40703375040940404,0.4112229388534702
37,0.0148437507741619,0.34995635849096735,0.3614224599568703,0.365918701370044
38,0.0149739591142861,0.30527595424516135,0.31502437396054583,0.3197216779868718
39,0.0151041674544103,0.2581803800729266,0.2679732230272639,0.27274337345319755
40,0.0152343757945346,0.2147075320631623,0.22039522340120857,0.22509731840750136
41,0.0153645841346588,0.17123468405339726,0.17240720478926852,0.17689878219237148
42,0.015494792474783,0.12413911945688699,0.12411561599580362,0.1282645213864423
43,0.0156250008149073,0.0806662714471222,0.07561680810129298,0.07931248631018735
44,0.0157552091550315,0.028740378967412123,0.026998367733361388,0.03016150471212387
45,0.0158854174951557,-0.011109726122366806,-0.02165846433874371,-0.01906900569574862
46,0.0160156258352799,-0.059412885257814574,-0.07027567652989485,-0.06825932635407034
47,0.0161458341754042,-0.10892361978075207,-0.11877496738511388,-0.11728975767249868
48,0.0162760425155284,-0.1572267789161999,-0.16707425184877564,-0.16604093107448398
49,0.0164062508556526,-0.20311477770094452,-0.21508449225510942,-0.2143940998818137
50,0.0165364591957768,-0.2538330971870951,-0.26270728547736294,-0.26223145972027045
51,0.0166666675359011,-0.3045514166732472,-0.30983325899310066,-0.30943647631211235
52,0.0167968758760253,-0.3528545470815242,-0.3563416422591204,-0.3558941680051926
53,0.0169270842161495,-0.39270468808026593,-0.40210084918250794,-0.40149138246407257
54,0.0170572925562738,-0.44583815834139784,-0.44697026399230233,-0.4461171222425534
55,0.017187500896398,-0.4832731102622645,-0.4908030104825361,-0.48966287012177734
56,0.0173177092365222,-0.527953514508073,-0.5334496223672365,-0.5320228605943329
57,0.0174479175766464,-0.5678036172039195,-0.5747623361131624,-0.5730943100043032
58,0.0175781259167707,-0.6136916351401119,-0.6145997584841624,-0.6127776680902026
59,0.0177083342568949,-0.6571644639984293,-0.6528314178317532,-0.6509769120754153
60,0.0178385425970191,-0.6982221803846622,-0.6893418811628507,-0.6875997429302798
61,0.0179687509371433,-0.7368646693901272,-0.7240337940343327,-0.7225577514851289
62,0.0180989592772676,-0.7779223857763602,-0.7568296812696842,-0.7557667028727743
63,0.0182291676173918,-0.8105269595414789,-0.7876720064212563,-0.7871467761634388
64,0.018359375957516,-0.849169525152732,-0.816521600461419,-0.8166226833856556
65,0.0184895842976402,-0.8745286465929115,-0.8433544411613316,-0.8441238054075679
66,0.0186197926377645,-0.905925683273437,-0.868157203643716,-0.8695843999431969
67,0.0187500009778887,-0.9252469660790636,-0.8909220556767681,-0.8929437602761413
68,0.0188802093180129,-0.9506061641250337,-0.9116413101477543,-0.9141462681593724
69,0.0190104176581372,-0.9626819179999302,-0.9303025211740911,-0.9331414872091159
70,0.0191406259982614,-0.9807955871151728,-0.9468846931107294,-0.9498843157652453
71,0.0192708343383856,-0.9928714175958625,-0.9613558625517542,-0.9643350890735676
72,0.0194010426785098,-1.0037396343861658,-0.9736724785864104,-0.9764596260335557
73,0.0195312510186341,-1.006154785161143,-0.9837804100888985,-0.9862292953595003
74,0.0196614593587583,-1.0134002374860822,-0.9916175902709687,-0.9936211056610167
75,0.0197916676988825,-1.012192700401489,-0.997117869454981,-0.9986177412760928
76,0.0199218760390067,-1.014607851176469,-1.0002157335617499,-1.001207567873551
77,0.020052084379131,-1.004947171470759,-1.0008514173644931,-1.0013846516711904
78,0.0201822927192552,-1.006154785161143,-0.9989759758437932,-0.9991487765222081
79,0.0203125010593794,-1.0037396343861658,-0.9945558348520228,-0.9945054044369295
80,0.0204427093995037,-1.0013244836111859,-0.9875765281298777,-0.9874655086814915
81,0.0205729177396279,-0.9940789546804557,-0.9780451486086286,-0.9780454509045352
82,0.0207031260797521,-0.9916638039054759,-0.9659914424535494,-0.9662672656210811
83,0.0208333344198763,-0.985625965270923,-0.9514672160538012,-0.9521589522552667
84,0.0209635427600006,-0.978380436340193,-0.9345441994001407,-0.9357543448453624
85,0.0210937511001248,-0.9626819179999302,-0.9153103949062904,-0.9170930046821028
86,0.021223959440249,-0.948191013350054,-0.8938652798049473,-0.8962199718518872
87,0.0213541677803732,-0.9276621168540434,-0.8703142865057748,-0.8731851403243116
88,0.0214843761204975,-0.9083409106542075,-0.8447631426533281,-0.8480427711262811
89,0.0216145844606217,-0.875736260283298,-0.8173126380169723,-0.8208515603803752
90,0.0217447928007459,-0.8455467606873657,-0.7880544696098108,-0.7916753639599043
91,0.0218750011408702,-0.8129421103164561,-0.7570684904482526,-0.7605838891002051
92,0.0220052094809944,-0.7730920076206097,-0.7244218028842723,-0.7276525333633602
93,0.0221354178211186,-0.725996452599824,-0.6901695813146244,-0.6929614385221009
94,0.0222656261612428,-0.6801084346636315,-0.6543576210409656,-0.6565944113793802
95,0.0223958345013671,-0.6318053042553545,-0.6170261509663765,-0.6186384080982631
96,0.0225260428414913,-0.5798794093817137,-0.5782144944282368,-0.5791837570020444
97,0.0226562511816155,-0.5243307883456045,-0.5379660015962769,-0.5383246414463216
98,0.0227864595217397,-0.47602761963443224,-0.4963327516040462,-0.4961593288550435
99,0.022916667861864,-0.43013960169823967,-0.45337952319403874,-0.4527900279487185
100,0.0230468762019882,-0.38183647128996273,-0.4091867491687528,-0.40832237621829215
101,0.0231770845421124,-0.3371560287412614,-0.36385210804522117,-0.3628646961364675
102,0.0233072928822367,-0.29368319988294406,-0.31749080788514983,-0.31652731634598574
103,0.0234375012223609,-0.25262552179960646,-0.2702344011817064,-0.2694222153016713
104,0.0235677095624851,-0.20552992847592377,-0.22222840834764407,-0.2216630451431194
105,0.0236979179026093,-0.1572267789161999,-0.1736288248184253,-0.17336521290505852
106,0.0238281262427336,-0.11375394048215884,-0.12459787900883022,-0.12464575365887937
107,0.0239583345828578,-0.0702810924723938,-0.07529935406622833,-0.0756230253597658
108,0.024088542922982,-0.023185515906228752,-0.025893875513653408,-0.026416276343965848
109,0.0242187512631062,0.029947956748832945,0.023465436590608006,0.022854870878967266
110,0.0243489596032305,0.1072330065776874,0.07263649663858082,0.07207088707684887
111,0.0244791679433547,0.20625448519928635,0.1316724963078275,0.12111259744957749
112,0.0246093762834789,0.18572564615761758,0.18811683527122458,0.16986127260510428
113,0.0247395846236032,0.1579513260638385,0.14881513404502905,0.21819873346643853
114,0.0248697929637274,0.22557574885346549,0.15402570349112496,0.26600759189921896
115,0.0250000013038516,0.25938795546041776,0.22223808830315747,0.3131716662025281
116,0.0251302096439758,0.29923805815626414,0.3359039460328241,0.35957646362191104
117,0.0252604179841001,0.3994671025896308,0.45417352026422886,0.405109545799035
118,0.0253906263242243,0.5069416568022761,0.5370121593986547,0.4811829874746498
119,0.0255208346643485,0.6011328051467456,0.5666430951756916,0.5231515892146213
120,0.0256510430044727,0.6144161727120285,0.5550150594642917,0.5495227812306687
121,0.025781251344597,0.5721509192411999,0.5345756465961835,0.5693141702902873
122,0.0259114596847212,0.5443765704202499,0.5388721281305795,0.5932081966219521
123,0.0260416680248454,0.5757736454036683,0.5843642142070987,0.6281650019435274
124,0.0261718763649696,0.662719303120303,0.6631133057851328,0.6743710077995072
125,0.0263020847050939,0.7738166217983147,0.7492583004871176,0.725771717152074
126,0.0264322930452181,0.8535168271900099,0.814506473358547,0.7735777227210092
127,0.0265625013853423,0.8812910994051717,0.8434767057528374,0.810752623415271
128,0.0266927097254666,0.8861214009551288,0.8406774644688733,0.8352118074307813
129,0.0268229180655908,0.8680077318398888,0.8261685379203836,0.8503091978622749
130,0.026953126405715,0.8547243642746056,0.8233044283334918,0.8626432646049099
131,0.0270833347458392,0.866800194755293,0.8458787682317314,0.8785094224314924
132,0.0272135430859635,0.9078578345357352,0.8916121544651393,0.9008510269665848
133,0.0273437514260877,0.9730671352775543,0.9448653041986683,0.928137163565247
134,0.0274739597662119,1.0237854547637064,0.9862446920760936,0.9555212465889829
135,0.0276041681063361,1.0431066609635422,1.0033038852709086,0.977494594601084
136,0.0277343764464604,1.0443142746539262,0.9965150825270664,0.9906021689188351
137,0.0278645847865846,1.0298232933982592,0.977775356122181,0.9948985433606785
138,0.0279947931267088,1.0068793227330597,0.9629646197699184,0.9935627320134394
139,0.0281250014668331,0.9778974368275138,0.9631012814107657,0.9910398385837127
140,0.0282552098069573,0.9670292200372106,0.9789475445950625,0.9907549780808986
141,0.0283854181470815,0.9827277383774733,1.0016028107498969,0.9935492384907894
142,0.0285156264872057,1.015332388748383,1.0181827924627138,0.9975244118329581
143,0.02864583482733,1.0370688223289892,1.0190610995173144,0.9992330529882292
144,0.0287760431674542,1.0455218117385219,1.0026654487434954,0.9955049076122533
145,0.0289062515075784,1.0274081426232795,0.9755193260007639,0.9849620205446215
146,0.0290364598477026,1.0008414074927134,0.9479788133908069,0.9685187256028389
147,0.0291666681878269,0.979104973912107,0.9283589401451927,0.9487243983391852
148,0.0292968765279511,0.9706519845025744,0.9187304276295045,0.9283816190915734
149,0.0294270848680753,0.9634064555718469,0.9144512671060602,0.9091802075766192
150,0.0295572932081996,0.957368616937294,0.9073067970565238,0.8910075165669599
151,0.0296875015483238,0.9368397204412808,0.8902301051735931,0.8722028626697423
152,0.029817709888448,0.9151032868606744,0.8609424755227354,0.8505396072462953
153,0.0299479182285722,0.8885365517301086,0.8237015080916299,0.8243871110592437
154,0.0300781265686965,0.852309213499626,0.7910019947079296,0.7934715531089253
155,0.0302083349088207,0.8136667244941634,0.7562983084162923,0.7589066046232871
156,0.0303385432489449,0.7726090081079307,0.7213986707828461,0.7225513469434028
157,0.0304687515890691,0.7279286038621221,0.6871590674690108,0.686072740441149
158,0.0305989599291934,0.6808329722355455,0.6531622028361341,0.6501957233855495
159,0.0307291682693176,0.6337374172147597,0.6180666435837924,0.6144854682361993
160,0.0308593766094418,0.5890570129689512,0.5804049722928409,0.5777146912298077
161,0.0309895849495661,0.5347159673203307,0.5393955090195584,0.538580578476076
162,0.0311197932896903,0.4827900724466899,0.49535286132581885,0.49638960086638895
163,0.0312500016298145,0.423618686945217,0.44951296104299326,0.4513813423542409
164,0.0313802099699387,0.37169279207157374,0.40339781575469713,0.40456987775959435
165,0.031510418310063,0.33063511398823614,0.358071825302188,0.3572270033009256
166,0.0316406266501872,0.29440773745485815,0.31367476293069735,0.3102928083067364
167,0.0317708349903114,0.2581803800729266,0.26945213419203945,0.26400612069650364
168,0.0319010433304356,0.21953785276456905,0.22423708476742005,0.21791205598941854
169,0.0320312516705599,0.17364985397982474,0.1771116691204077,0.1712058903091624
170,0.0321614600106841,0.12172395910618374,0.12790132913297095,0.12321347374032901
171,0.0322916683508083,0.07704353570892904,0.07726300104846665,0.07376175766522813
172,0.0324218766909326,0.017872168161936385,0.026348771955058373,0.023270553079366412
173,0.0325520850310568,-0.02560067386300121,-0.023756373026540746,-0.027451602881934604
174,0.032682293371181,-0.06907351708490414,-0.0725222963825517,-0.07757959645128247
175,0.0328125017113052,-0.11254635551894522,-0.12014374238703607,-0.12661527545928442
176,0.0329427100514295,-0.15843435430368982,-0.16732686113722256,-0.17453890554809076
177,0.0330729183915537,-0.2067375230148614,-0.21482587428425395,-0.2217141576542251
178,0.0332031267316779,-0.2586634178885011,-0.26298257094655253,-0.2686170354076432
179,0.0333333350718021,-0.3105892936106954,-0.3115041195992019,-0.31553755293911295
180,0.0334635434119264,-0.36130761309684756,-0.3595788058521439,-0.362401562313867
181,0.0335937517520506,-0.40598805564554896,-0.40625116359436636,-0.4087874553484674
182,0.0337239600921748,-0.4591215259066808,-0.4508508238355358,-0.4541106138199591
183,0.033854168432299,-0.49534886413716345,-0.49325476180319944,-0.49786978888149935
184,0.0339843767724233,-0.5339913914455212,-0.533860766918302,-0.5398300154860205
185,0.0341145851125475,-0.5714263433663904,-0.5733039787146016,-0.5800598494530409
186,0.0342447934526717,-0.6185219366900715,-0.6120765388696927,-0.6188194210085115
187,0.034375001792796,-0.6644099163233687,-0.6502490656245257,-0.6563682996669088
188,0.0345052101329202,-0.7090903205691748,-0.6874281033868451,-0.6927942250462117
189,0.0346354184730444,-0.7441101217150641,-0.7229549862015362,-0.7279438162664158
190,0.0347656268131686,-0.7839602244109128,-0.7562284184927711,-0.7614788931938482
191,0.0348958351532929,-0.8153573376972266,-0.7869776381626906,-0.7930187724280341
192,0.0350260434934171,-0.8479619114623456,-0.8153492326890253,-0.8222912489470767
193,0.0351562518335413,-0.8721134958179317,-0.8417743709410962,-0.8492184015374018
194,0.0352864601736655,-0.905925683273437,-0.8666973115232006,-0.8739020967224101
195,0.0354166685137898,-0.9312848813194071,-0.8903119391429498,-0.8965261140751982
196,0.035546876853914,-0.9590592301403572,-0.9124402424534545,-0.9172305995022327
197,0.0356770851940382,-0.9723425977056401,-0.9326064176718667,-0.9360224998645841
198,0.0358072935341625,-0.9892486531304961,-0.9502578627374084,-0.9527619526716097
199,0.0359375018742867,-0.9977017191458196,-0.9650129006910265,-0.9672237193524393
200,0.0360677102144109,-1.006154785161143,-0.976809178147554,-0.9791965268257742
201,0.0361979185545351,-1.0073623222457386,-0.9858850547480321,-0.9885685411123982
202,0.0363281268946594,-1.0109850867111025,-0.9926152455047161,-0.9953589074109508
203,0.0364583352347836,-1.012192700401489,-0.9972944254448817,-0.9996854233968915
204,0.0365885435749078,-1.012192700401489,-0.9999826193975556,-1.0016903557573242
205,0.036718751915032,-1.0085699359361229,-1.0004871542010765,-1.001464452450701
206,0.0368489602551563,-1.0073623222457386,-0.9984813726164877,-0.9990061456644492
207,0.0369791685952805,-1.0037396343861658,-0.9936903290400942,-0.9942322357542825
208,0.0371093769354047,-1.0037396343861658,-0.9860437519155664,-0.9870297942076851
209,0.037239585275529,-0.9940789546804557,-0.9757192394654793,-0.9773201018044657
210,0.0373697936156532,-0.9916638039054759,-0.9630592631233749,-0.965102436526417
211,0.0375000019557774,-0.9832107378901526,-0.9484107935058431,-0.9504584449937297
212,0.0376302102959016,-0.9747577484806199,-0.9319727938423692,-0.933518889893504
213,0.0377604186360259,-0.9578516164499732,-0.9137277603234726,-0.9144125642259575
214,0.0378906269761501,-0.9457758625750742,-0.8934862911097508,-0.8932237623876046
215,0.0380208353162743,-0.9252469660790636,-0.8710147827845413,-0.8699780936196395
216,0.0381510436563985,-0.9010953817234774,-0.8461763689419172,-0.8446607207963108
217,0.0382812519965228,-0.8709059587333383,-0.8190132239676441,-0.8172548290871692
218,0.038411460336647,-0.8407164591374087,-0.789732994257933,-0.7877796527471919
219,0.0385416686767712,-0.8069042716819034,-0.7586133651941133,-0.7563097059209699
220,0.0386718770168955,-0.764639018211077,-0.7258795948314826,-0.7229676809886604
221,0.0388020853570197,-0.7199585373594779,-0.6916200812191581,-0.6878968850972754
222,0.0389322936971439,-0.6752781331136718,-0.6557814298639498,-0.6512284909669074
223,0.0390625020372681,-0.6257673890150109,-0.6182412255254137,-0.6130599623739307
224,0.0391927103773924,-0.5738414941413701,-0.5789169819607934,-0.5734539190191983
225,0.0393229187175166,-0.5182928731052584,-0.5378536303844729,-0.5324558675566914
226,0.0394531270576408,-0.4687821290065975,-0.49524607558696687,-0.4901202015185
227,0.039583335397765,-0.42289414937330033,-0.45138877345346495,-0.4465310174528936
228,0.0397135437378893,-0.3770061314371078,-0.4065816235845009,-0.40180810381514115
229,0.0398437520780135,-0.3287030010288334,-0.36104163480328955,-0.35609644459127227
230,0.0399739604181377,-0.29489077527043267,-0.3148636886467022,-0.3095458057933172
231,0.0401041687582619,-0.24296488039679243,-0.2680460443002703,-0.26229121648589754
232,0.0402343770983862,-0.19828445699953773,-0.22056243740819095,-0.21444360143261346
233,0.0403645854385104,-0.14998130743981386,-0.17244028769976524,-0.16609390433716606
234,0.0404947937786346,-0.10650845943004882,-0.12380422495354317,-0.11732722525222036
235,0.0406250021187589,-0.061828040820655975,-0.07486465598432837,-0.06823903402071414
236,0.0407552104588831,-0.01714762101429778,-0.02586061683506789,-0.018945249852021364
237,0.0408854187990073,0.033570694880957035,0.02301087175838252,0.030418277563149795
238,0.0410156271391315,0.0794586960596323,0.07164166963027616,0.07970572273527146
239,0.0411458354792558,0.12655427023186655,0.12001255585987222,0.12877504885873248
240,0.04127604381938,0.17002710866590762,0.16814853864841428,0.17749871091207933
241,0.0414062521595042,0.2267833242409554,0.21605411955900325,0.22576656781655674
242,0.0415364604996284,0.27629406833961556,0.26366189445885096,0.27348047328840075
243,0.0416666688397527,0.31735174642295566,0.3108191322589108,0.3205441342788877
244,0.0417968771798769,0.36444733974663684,0.35731633158066134,0.36685381604392203
245,0.0419270855200011,0.41516562092989107,0.40269096384409875,0.4122944224250984
246,0.0420572938601254,0.45743091270361513,0.44730846569577215,0.4567424006127261
247,0.0421875022002496,0.49848859078695273,0.4908927279908688,0.500073573430023
248,0.0423177105403738,0.5431689950327587,0.533316215452471,0.5421718097762012
249,0.042447918880498,0.5890570129689512,0.5744521557437576,0.5829343178674661
250,0.0425781272206223,0.63132226643978,0.6141770798103928,0.6222713936308646
251,0.0427083355607465,0.6711723691356263,0.6523733440811799,0.660101489760597
252,0.0428385439008707,0.717060387071819,0.6889314314489648,0.6963446163813881
253,0.0429687522409949,0.7520801882177083,0.7237518468579354,0.7309174560348253
254,0.0430989605811192,0.7955529787731302,0.7567464508524614,0.7637324555107211
255,0.0432291689212434,0.82574247836906,0.787839126654665,0.7947011413781098
256,0.0433593772613676,0.8607622795149493,0.816965721666698,0.823739723758247
257,0.0434895856014919,0.8933669298858589,0.8440732779983839,0.8507740536503052
258,0.0436197939416161,0.9187260513260384,0.8691186189107268,0.8757416966086299
259,0.0437500022817403,0.9380473341316649,0.8920664241522743,0.8985904728531585
260,0.0438802106218645,0.9597837677122713,0.9128869844010552,0.9192745941018959
261,0.0440104189619888,0.9803125876024936,0.9315538535908463,0.93775058755083
262,0.044140627302113,0.9935959551677765,0.9480416323941117,0.9539749836018756
263,0.0442708356422372,1.0020490211831,0.9623241179186833,0.9679048062576376
264,0.0444010439823614,1.0105020871984234,0.9743730069383781,0.979500407760625
265,0.0445312523224857,1.018955076607956,0.9841573108882291,0.9887290085107937
266,0.0446614606626099,1.0201626902983425,0.9916435421604517,0.9955672453643554
267,0.0447916690027341,1.015332388748383,0.9967966839122702,1.0000016297143155
268,0.0449218773428584,1.015332388748383,0.9995818498737494,1.0020268836020718
269,0.0450520856829826,1.0141247750579965,0.9999664881040221,1.001643197372202
270,0.0451822940231068,1.0105020871984234,0.9979229156105779,0.9988538484226136
271,0.045312502363231,1.0044641719580798,0.9934309502387949,0.9936643037016758
272,0.0454427107033553,1.0044641719580798,0.9864803786163403,0.9860831023050397
273,0.0455729190434795,1.0044641719580798,0.9770730305302208,0.9761238876424718
274,0.0457031273836037,0.9984262567177362,0.9652242379184599,0.9638075023421107
275,0.0458333357237279,0.9863505028428372,0.9509635547032245,0.9491631210777758
276,0.0459635440638522,0.979104973912107,0.9343346276303517,0.9322278820803777
277,0.0460937524039764,0.9682367571218038,0.9153942459545293,0.9130453265323304
278,0.0462239607441006,0.9537458524719277,0.8942106207044617,0.8916635682442484
279,0.0463541690842249,0.9271791173413616,0.8708610625408543,0.8681339992376662
280,0.0464843774243491,0.9054426837607553,0.8454292633890945,0.8425110053710526
281,0.0466145857644733,0.8788759486301919,0.8180024391667379,0.8148527785831867
282,0.0467447941045975,0.8462712982592824,0.7886685894968171,0.785222677825324
283,0.0468750024447218,0.8064211955634334,0.7575141522824927,0.7536902939357567
284,0.047005210784846,0.767778706557971,0.7246222508029184,0.7203316390537281
285,0.0471354191249702,0.7255134530871422,0.6900717276577238,0.6852284617132426
286,0.0472656274650944,0.676002670685586,0.6539370010510867,0.6484670301602614
287,0.0473958358052187,0.6252843895023317,0.6162887832761005,0.6101368733229325
288,0.0475260441453429,0.5721509192411999,0.577195523632628,0.5703300263564082
289,0.0476562524854671,0.5166022599021952,0.5367254407482079,0.5291409950817267
290,0.0477864608255913,0.4719218556563868,0.4949488960359465,0.48666733517408023
291,0.0479166691657156,0.423618686945217,0.45194085568277864,0.4430103516583271
292,0.0480468775058398,0.37531551823404463,0.40778317521794394,0.39827538634143844
293,0.048177085845964,0.3342578401507071,0.3625664791583594,0.35257155330139117
294,0.0483072941860883,0.288369841365961,0.3163914030901366,0.30601100387411106
295,0.0484375025262125,0.24248184258121738,0.2693691008209431,0.2587079360790912
296,0.0485677108663367,0.1990090137229003,0.22162089378133598,0.21077769327542606
297,0.0486979192064609,0.15553616571313525,0.1732771420735136,0.16233629755946785
298,0.0488281275465852,0.1096481669283909,0.12447536394586678,0.11350046839013889
299,0.0489583358867094,0.07221321979538413,0.07535782019972435,0.0643878802569586
300,0.0490885442268336,0.017872168161936385,0.02606874038550602,0.01511737805356058
301,0.0492187525669578,-0.02801583181977354,-0.02324853207933937,-0.03419105921488584
302,0.0493489609070821,-0.07631898856129046,-0.0724542375502064,-0.08341673323368669
303,0.0494791692472063,-0.12582972308422796,-0.12141449348543493,-0.13243895219795404
304,0.0496093775873305,-0.1741328917953995,-0.1700030038975839,-0.18113780380205963
305,0.0497395859274548,-0.2200208905801441,-0.2181020212219989,-0.22939472815556147
306,0.049869794267579,-0.2719467854537841,-0.26560256121198594,-0.2770928228369984
307,0.0500000026077032,-0.31904235962601885,-0.31240383395408994,-0.3241169082873478
308,0.0501302109478274,-0.36613795294970003,-0.35841206552760035,-0.3703534310774684
309,0.0502604192879517,-0.40719563103304013,-0.4035388093730682,-0.4156904338850062
310,0.0503906276280759,-0.4591215259066808,-0.4476990001466802,-0.46001780228522376
311,0.0505208359682001,-0.4989716286025272,-0.4908089374157953,-0.5032277384279681
312,0.0506510443083243,-0.5436520328483357,-0.5327844255344611,-0.5452152816470781
313,0.0507812526484486,-0.5822945601566936,-0.5735392465744429,-0.5858787861549309
314,0.0509114609885728,-0.628182578092886,-0.6129841216944153,-0.6251203144250036
315,0.051041669328697,-0.6716553686483081,-0.6510262270923096,-0.6628458328570003
316,0.0511718776688213,-0.712713085034541,-0.6875693526440094,-0.6989652197124657
317,0.0513020860089455,-0.7501480369554075,-0.722514623592353,-0.7333922191070406
318,0.0514322943490697,-0.7899981396512565,-0.7557618046659019,-0.766044478180553
319,0.0515625026891939,-0.8238103271067593,-0.787211005577696,-0.7968437496203715
320,0.0516927110293182,-0.8588301282526487,-0.8167647193679696,-0.8257161727335336
321,0.0518229193694424,-0.8817741755236416,-0.8443299903743503,-0.852592609814381
322,0.0519531277095666,-0.9107560614291847,-0.8698205637448533,-0.8774089733227323
323,0.0520833360496908,-0.9312848813194071,-0.8931588462407316,-0.9001064101577605
324,0.0522135443898151,-0.9566440027595866,-0.914277535310191,-0.9206313276397062
325,0.0523437527299393,-0.9699273703248695,-0.9331207557459069,-0.9389353310349016
326,0.0524739610700635,-0.9868335023555164,-0.9496446597265227,-0.9549752256248921
327,0.0526041694101878,-0.9977017191458196,-0.9638174071466749,-0.9687130707128965
328,0.052734377750312,-1.006154785161143,-0.9756185973948208,-0.9801162317359357
329,0.0528645860904362,-1.0085699359361229,-0.9850381360842606,-0.98915754554136
330,0.0529947944305604,-1.0134002374860822,-0.9920747048704585,-0.9958155413954167
331,0.0531250027706847,-1.0134002374860822,-0.9967339147307732,-1.000074549144923
332,0.0532552111108089,-1.012192700401489,-0.9990263229282634,-1.001924695557373
333,0.0533854194509331,-1.006154785161143,-0.99896547666515,-1.0013618357573362
334,0.0535156277910573,-1.002532020695779,-0.9965661264377709,-0.9983874620075125
335,0.0536458361311816,-1.002532020695779,-0.9918427686380902,-0.9930086351171027
336,0.0537760444713058,-1.002532020695779,-0.9848086766757509,-0.9852379484168653
337,0.05390625281143,-0.9952865683708397,-0.9754754746987515,-0.9750935482658515
338,0.0540364611515542,-0.9904562668208827,-0.9638533533886865,-0.9625991961390807
339,0.0541666694916785,-0.9832107378901526,-0.9499518905635173,-0.9477842914691208
340,0.0542968778318027,-0.9735501347902333,-0.9337814977755011,-0.9306838576388752
341,0.0544270861719269,-0.9566440027595866,-0.9153553460435923,-0.9113384665793199
342,0.0545572945120512,-0.9421530981097104,-0.8946916467739537,-0.88979405996424
343,0.0546875028521754,-0.920416664529104,-0.8718160850177016,-0.8661017908091522
344,0.0548177111922996,-0.8986802309484976,-0.8467641443304849,-0.8403179471211288
345,0.0549479195324238,-0.8672831942679721,-0.8195831117998748,-0.8125038529460026
346,0.0550781278725481,-0.835886157587449,-0.7903334962103855,-0.7827257197969381
347,0.0552083362126723,-0.7912057533416431,-0.7590896805783992,-0.751054536840255
348,0.0553385445527965,-0.7586011029707336,-0.7259397063153155,-0.717566021528561
349,0.0554687528929207,-0.7102979342595611,-0.6909841230812448,-0.6823404714646276
350,0.055598961233045,-0.6656175300137527,-0.6543340213829955,-0.6454624736814152
351,0.0557291695731692,-0.6173143613025829,-0.6161083552329762,-0.6070206591840271
352,0.0558593779132934,-0.564180891041451,-0.576430816144085,-0.5671075228857805
353,0.0559895862534177,-0.5074246563149553,-0.5354265316519847,-0.5258192156769984
354,0.0561197945935419,-0.46153667668165815,-0.49321885286104505,-0.48325529421688385
355,0.0562500029336661,-0.4156486587454681,-0.4499265614522091,-0.43951849820797234
356,0.0563802112737903,-0.369760679112171,-0.40566168714737944,-0.39471458148063976
357,0.0565104196139146,-0.31662718969959264,-0.3605281705695993,-0.3489520941356127
358,0.0566406279540388,-0.27677708700374365,-0.3146214767076747,-0.3023420692889432
359,0.056770836294163,-0.236926984307896,-0.26802920275743025,-0.25499770094205043
360,0.0569010446342872,-0.1910389855231514,-0.22083269176817835,-0.20703406262661433
361,0.0570312529744115,-0.14152825100021393,-0.17310948895535266,-0.15856780777435575
362,0.0571614613145357,-0.09805541256617285,-0.12493647237988674,-0.10971683948787234
363,0.0572916696546599,-0.05579014473175957,-0.07639336367228908,-0.06060001127592133
364,0.0574218779947842,-0.007486989187208212,-0.02756623294225502,-0.01133685960727415
365,0.0575520863349084,0.040816168751274015,0.021449339973032375,0.03795269589682948
366,0.0576822946750326,0.09032690327421176,0.07054591173100606,0.08714867514445451
367,0.0578125030151568,0.14587553388604566,0.11960290360514234,0.13613134159174492
368,0.0579427113552811,0.18331047623119032,0.16848667929686714,0.18478151536995732
369,0.0580729196954053,0.23644396564376866,0.21705206220840959,0.23298091621852762
370,0.0582031280355295,0.28233196442851277,0.26514517176990604,0.2806124729925842
371,0.0583333363756537,0.3270123878257677,0.3126073711405936,0.32756058869125404
372,0.058463544715778,0.37531551823404463,0.35927990122192976,0.37371143464535644
373,0.0585937530559022,0.423618686945217,0.40500873487286976,0.4189532554563421
374,0.0587239613960264,0.4670915158035318,0.44964917873425814,0.46317661103074903
375,0.0588541697361507,0.5057340431118921,0.4930697049625185,0.5062746099004792
376,0.0589843780762749,0.5504144856605935,0.535154732058886,0.5481432062953516
377,0.0591145864163991,0.5963024652938906,0.575806046990183,0.5886814920093486
378,0.0592447947565233,0.6373601816801235,0.6149428351738918,0.627791910236483
379,0.0593750030966476,0.6747951336009926,0.6525003529748072,0.6653804575533192
380,0.0595052114367718,0.7206830749313945,0.6884273843850924,0.7013569133924495
381,0.059635419776896,0.7629484050080114,0.7226827742812121,0.7356350645943196
382,0.0597656281170202,0.8003833569288805,0.7552313165559048,0.7681328995185036
383,0.0598958364571445,0.8329879306939993,0.786039375715041,0.7987727716745014
384,0.0600260447972687,0.866800194755293,0.8150706565270706,0.827481621085227
385,0.0601562531373929,0.896989617745432,0.8422824679245376,0.8541911359629604
386,0.0602864614775172,0.9223488157914047,0.8676229536284533,0.8788377853614262
387,0.0604166698176414,0.9404624849066447,0.89102954644147,0.901362942594528
388,0.0605468781577656,0.9621989184872511,0.9124289507463925,0.921713098019593
389,0.0606770864978898,0.9827277383774733,0.931738700778465,0.9398399847136782
390,0.0608072948380141,0.9960111059427564,0.9488702277218355,0.9557006054989556
391,0.0609375031781383,1.0044641719580798,0.9637332059096166,0.9692573045619105
392,0.0610677115182625,1.0092944735080394,0.9762406948291894,0.9804779131777676
393,0.0611979198583867,1.018955076607956,0.986314549362317,0.9893358361679215
394,0.061328128198511,1.0213703039887265,0.9938905173148793,0.9958100498989766
395,0.0614583365386352,1.0165399258329761,0.9989224037266352,0.9998851269151613
396,0.0615885448787594,1.0141247750579965,1.0013849467025502,1.0015513079954357
397,0.0617187532188836,1.0141247750579965,1.0012750308529486,1.0008045271750514
398,0.0618489615590079,1.0117096242830166,0.9986112357606638,0.9976464086592975
399,0.0619791698991321,1.005671709042673,0.9934318004498982,0.9920842776317537
400,0.0621093782392563,1.0044641719580798,0.9857912577111071,0.9841311649211707
401,0.0622395865793806,1.0032565582676933,0.9757561565002169,0.9738057881930324
402,0.0623697949195048,0.9972187196331405,0.9634002528694857,0.9611325039712101
403,0.062500003259629,0.9851428891524533,0.948799638344762,0.9461412522351726
404,0.0626302115997532,0.9754822860525341,0.9320282313930114,0.9288674779617613
405,0.0627604199398775,0.9646140692622309,0.9131539517709092,0.9093520829382457
406,0.0628906282800017,0.947707937231584,0.8922359902446217,0.8876413947130991
407,0.0630208366201259,0.9235563528759979,0.8693233204227909,0.8637870717299984
408,0.0631510449602501,0.9006123822107983,0.8444546922891263,0.8378459565095105
409,0.0632812533003744,0.8752531841648257,0.817660145865828,0.809879925949295
410,0.0634114616404986,0.8402334596247295,0.7889638930104539,0.7799558018316872
411,0.0635416699806228,0.7991757432384939,0.7583883531590266,0.7481452436330348
412,0.0636718783207471,0.7593256405426476,0.7259588792603298,0.7145245280340039
413,0.0638020866608713,0.717060387071819,0.6917086803434761,0.6791743557997142
414,0.0639322950009955,0.6663420675856694,0.6556833617507267,0.6421797550540959
415,0.0640625033411197,0.6107934465495576,0.6179444911030808,0.6036298998043663
416,0.064192711681244,0.5636978532258764,0.578571834469767,0.5636178411306573
417,0.0643229200213682,0.515394684514704,0.5376639151153166,0.5222402883003252
418,0.0644531283614924,0.46467636502855447,0.49533692850784933,0.47959742164700514
419,0.0645833367016166,0.41516562092989107,0.4517221451822699,0.43579264835560444
420,0.0647135450417409,0.3692776412965964,0.40696213795379227,0.3909322943568034
421,0.0648437533818651,0.3270123878257677,0.3612063315543317,0.3451253183566351
422,0.0649739617219893,0.2811243698895752,0.31460630990220945,0.2984830871848985
423,0.0651041700621136,0.2352363711048311,0.2673113883867238,0.2511191087770723
424,0.0652343784022378,0.18451807077012794,0.21946482578935583,0.20314869317321022
425,0.065364586742362,0.14829069423674893,0.1712009315300129,0.15468863439854239
426,0.0654947950824862,0.10119511048879097,0.12264330817548096,0.10585693946507717
427,0.0656250034226105,0.05409953631655674,0.07390426812563512,0.05677253539205865
428,0.0657552117627347,0.008211536933329587,0.025085506671846697,0.007554937230115034
429,0.0658854201028589,-0.03526130569009078,-0.023720253744128384,-0.04167605820549527
430,0.0660156284429831,-0.08597962038838003,-0.07242666324695764,-0.09080066517681193
431,0.0661458367831074,-0.1342827795238276,-0.12095043044973443,-0.13969943095843562
432,0.0662760451232316,-0.18379351404676536,-0.16920777250699204,-0.18825354751313678
433,0.0664062534633558,-0.22847393744402006,-0.21711098945144222,-0.23634513539507418
434,0.0665364618034801,-0.28764530379404685,-0.26456564518502024,-0.28385755159559234
435,0.0666666701436043,-0.3274954256413422,-0.311468776064177,-0.3306757065133615
436,0.0667968784837285,-0.37338340527463937,-0.357708380187971,-0.3766863272146644
437,0.0669270868238527,-0.41685623413295675,-0.403164380174895,-0.42177820173478636
438,0.067057295163977,-0.46274425206914926,-0.4477106780684184,-0.46584248330781053
439,0.0671875035041012,-0.5050095055399755,-0.4912182197170949,-0.5087730032488421
440,0.0673177118442254,-0.5508975234761679,-0.5335586031307195,-0.5504664845206513
441,0.0674479201843496,-0.5895400507845258,-0.5746075444931502,-0.59082273818302
442,0.0675781285244739,-0.6342204550303343,-0.6142478305898732,-0.6297449676413929
443,0.0677083368645981,-0.6789008975790357,-0.6523712537478957,-0.6671400277276683
444,0.0678385452047223,-0.7199585373594779,-0.688879404756966,-0.7029185446608058
445,0.0679687535448466,-0.757393489280347,-0.7236833936044768,-0.7369950749549986
446,0.0680989618849708,-0.79845120566658,-0.7567027620934963,-0.7692883659857266
447,0.068229170225095,-0.8322633931220853,-0.7878639507701386,-0.7997215564803368
448,0.0683593785652192,-0.8636604298026083,-0.8170988689129024,-0.8282222605400151
449,0.0684895869053435,-0.8890196278485784,-0.8443438374205054,-0.8547227148821015
450,0.0686197952454677,-0.9155863629791444,-0.8695391835426238,-0.8791600486385376
451,0.0687500035855919,-0.9385303336443466,-0.8926293276647633,-0.9014764000862182
452,0.0688802119257161,-0.960266767224953,-0.9135633602155615,-0.9216188710378272
453,0.0690104202658404,-0.9723425977056401,-0.9322958783452333,-0.939539624661182
454,0.0691406286059646,-0.9880411160459028,-0.9487878490551677,-0.9551960681808137
455,0.0692708369460888,-0.998909332836206,-0.9630073085378509,-0.9685509550703439
456,0.069401045286213,-1.0085699359361229,-0.9749297341489778,-0.9795724299012379
457,0.0695312536263373,-1.0085699359361229,-0.9845375077527195,-0.9882340846602498
458,0.0696614619664615,-1.0134002374860822,-0.9918186651807614,-0.9945150638834546
459,0.0697916703065857,-1.012192700401489,-0.996764751597152,-0.9984001368539324
460,0.06992187864671,-1.012192700401489,-0.9993684693138932,-0.9998797097667989
461,0.0700520869868342,-1.0037396343861658,-0.9996214490540474,-0.9989498461838534
462,0.0701822953269584,-1.0037396343861658,-0.997512804435029,-0.995612293122605
463,0.0703125036670826,-1.0013244836111859,-0.9930289576092785,-0.9898744838993004
464,0.0704427120072069,-1.0001168699207994,-0.9861548467751803,-0.9817495407628932
465,0.0705729203473311,-0.9928714175958625,-0.9768764823682654,-0.9712562795933499
466,0.0707031286874553,-0.9892486531304961,-0.9651846414472671,-0.9584191770330329
467,0.0708333370275795,-0.9820032008055594,-0.9510790570108066,-0.9432683337651374
468,0.0709635453677038,-0.9723425977056401,-0.9345726359253128,-0.9258394561454225
469,0.071093753707828,-0.9542288519846068,-0.9156949166400212,-0.9061737808263732
470,0.0712239620479522,-0.9373227965597508,-0.8944943199844243,-0.8843179666526207
471,0.0713541703880765,-0.920416664529104,-0.8710387696881251,-0.8603240134555048
472,0.0714843787282007,-0.893849929398538,-0.8454146570899695,-0.8342491925861945
473,0.0716145870683249,-0.8600377419430352,-0.8177241366886578,-0.8061559544989501
474,0.0717447954084491,-0.8298482423471055,-0.7880810210687083,-0.7761117670407872
475,0.0718750037485734,-0.7936209041166203,-0.7566057132458568,-0.7441889419227521
476,0.0720052120886976,-0.7525631877303874,-0.7234197585912083,-0.7104645276516558
477,0.0721354204288218,-0.7030524819346219,-0.6886404032441222,-0.6750201700272854
478,0.072265628768946,-0.6571644639984293,-0.6523758447598276,-0.6379418617784027
479,0.0723958371090703,-0.6064461445122796,-0.6147215038253542,-0.599319712292867
480,0.0725260454491945,-0.5533126742511478,-0.5757578350686483,-0.559247780627509
481,0.0726562537893187,-0.48810341181222405,-0.5272509505336745,-0.5178238408727989
482,0.072786462129443,-0.45187603527884607,-0.4795487717423779,-0.47514907674841733
483,0.0729166704695672,-0.40598805564554896,-0.442807763129619,-0.431327827377861
484,0.0730468788096914,-0.3601000377093564,-0.4113961013044065,-0.3864673633359605
485,0.0731770871498156,-0.31300446353712164,-0.3750744067592884,-0.3406776059399677
